1560508241355,D7:85:88:F5:88:4C,66bd8860-6e87-3544-b022-1abaf04ce4ca,-78
1560508241424,D7:85:88:F5:88:4C,d3eedeb6-a50a-35bb-9a2c-d9626d3d4b3e,-60
1560508241492,D7:85:88:F5:88:4C,66bd8860-6e87-3544-b022-1abaf04ce4ca,-80
1560508241707,D7:85:88:F5:88:4C,66bd8860-6e87-3544-b022-1abaf04ce4ca,-86
1560508241761,D7:85:88:F5:88:4C,c697eede-6a0a-3d21-8936-3a7f86a830ee,-73
1560508241790,D7:85:88:F5:88:4C,66bd8860-6e87-3544-b022-1abaf04ce4ca,-79
1560508241847,D7:85:88:F5:88:4C,3af9ac1c-c3a5-36f7-a737-4868789e2832,-70
1560508242196,D7:85:88:F5:88:4C,66bd8860-6e87-3544-b022-1abaf04ce4ca,-77
1560508242326,D7:85:88:F5:88:4C,66bd8860-6e87-3544-b022-1abaf04ce4ca,-82
1560508242393,D7:85:88:F5:88:4C,0e55db4e-b72e-3e9c-9468-d4ef44cb069c,-75
1560508242486,D7:85:88:F5:88:4C,66bd8860-6e87-3544-b022-1abaf04ce4ca,-85
1560508242509,D7:85:88:F5:88:4C,66bd8860-6e87-3544-b022-1abaf04ce4ca,-78
1560508242708,D7:85:88:F5:88:4C,c77e7cf1-12bc-36be-9270-c8d56e131eac,-82
1560508242742,D7:85:88:F5:88:4C,0e55db4e-b72e-3e9c-9468-d4ef44cb069c,-77
1560508242900,D7:85:88:F5:88:4C,c77e7cf1-12bc-36be-9270-c8d56e131eac,-75
1560508243058,D7:85:88:F5:88:4C,0e55db4e-b72e-3e9c-9468-d4ef44cb069c,-74
1560508243216,D7:85:88:F5:88:4C,d3eedeb6-a50a-35bb-9a2c-d9626d3d4b3e,-64
1560508243378,D7:85:88:F5:88:4C,c77e7cf1-12bc-36be-9270-c8d56e131eac,-69
1560508243434,D7:85:88:F5:88:4C,66bd8860-6e87-3544-b022-1abaf04ce4ca,-75
1560508243539,D7:85:88:F5:88:4C,66bd8860-6e87-3544-b022-1abaf04ce4ca,-77
1560508243777,D7:85:88:F5:88:4C,0e55db4e-b72e-3e9c-9468-d4ef44cb069c,-71
1560508243829,D7:85:88:F5:88:4C,66bd8860-6e87-3544-b022-1abaf04ce4ca,-72
1560508243887,D7:85:88:F5:88:4C,c77e7cf1-12bc-36be-9270-c8d56e131eac,-86
1560508243942,D7:85:88:F5:88:4C,66bd8860-6e87-3544-b022-1abaf04ce4ca,-76
1560508244179,D7:85:88:F5:88:4C,d3eedeb6-a50a-35bb-9a2c-d9626d3d4b3e,-53
1560508244235,D7:85:88:F5:88:4C,66bd8860-6e87-3544-b022-1abaf04ce4ca,-85
1560508244377,D7:85:88:F5:88:4C,66bd8860-6e87-3544-b022-1abaf04ce4ca,-88
1560508245021,D7:85:88:F5:88:4C,3af9ac1c-c3a5-36f7-a737-4868789e2832,-59
1560508245170,D7:85:88:F5:88:4C,66bd8860-6e87-3544-b022-1abaf04ce4ca,-72
1560508245220,D7:85:88:F5:88:4C,c77e7cf1-12bc-36be-9270-c8d56e131eac,-74
1560508245471,D7:85:88:F5:88:4C,66bd8860-6e87-3544-b022-1abaf04ce4ca,-77
1560508245479,E8:97:A0:6C:3B:24,d3eedeb6-a50a-35bb-9a2c-d9626d3d4b3e,-89
1560508245570,D7:85:88:F5:88:4C,66bd8860-6e87-3544-b022-1abaf04ce4ca,-87
1560508245622,D7:85:88:F5:88:4C,c697eede-6a0a-3d21-8936-3a7f86a830ee,-62
1560508245819,D7:85:88:F5:88:4C,66bd8860-6e87-3544-b022-1abaf04ce4ca,-82
1560508245875,D7:85:88:F5:88:4C,0e55db4e-b72e-3e9c-9468-d4ef44cb069c,-71
1560508246018,D7:85:88:F5:88:4C,66bd8860-6e87-3544-b022-1abaf04ce4ca,-80
1560508246124,D7:85:88:F5:88:4C,66bd8860-6e87-3544-b022-1abaf04ce4ca,-83
1560508246174,D7:85:88:F5:88:4C,c77e7cf1-12bc-36be-9270-c8d56e131eac,-80
1560508246273,D7:85:88:F5:88:4C,66bd8860-6e87-3544-b022-1abaf04ce4ca,-76
1560508246531,D7:85:88:F5:88:4C,0e55db4e-b72e-3e9c-9468-d4ef44cb069c,-84
1560508247024,D7:85:88:F5:88:4C,d3eedeb6-a50a-35bb-9a2c-d9626d3d4b3e,-61
1560508247170,D7:85:88:F5:88:4C,c77e7cf1-12bc-36be-9270-c8d56e131eac,-75
1560508247220,D7:85:88:F5:88:4C,0e55db4e-b72e-3e9c-9468-d4ef44cb069c,-65
1560508247429,D7:85:88:F5:88:4C,c77e7cf1-12bc-36be-9270-c8d56e131eac,-78
1560508247658,D7:85:88:F5:88:4C,66bd8860-6e87-3544-b022-1abaf04ce4ca,-84
1560508247707,D7:85:88:F5:88:4C,c77e7cf1-12bc-36be-9270-c8d56e131eac,-81
1560508248013,D7:85:88:F5:88:4C,c77e7cf1-12bc-36be-9270-c8d56e131eac,-76
1560508248116,D7:85:88:F5:88:4C,66bd8860-6e87-3544-b022-1abaf04ce4ca,-75
1560508248167,D7:85:88:F5:88:4C,3af9ac1c-c3a5-36f7-a737-4868789e2832,-67
1560508248215,D7:85:88:F5:88:4C,c697eede-6a0a-3d21-8936-3a7f86a830ee,-58
1560508248600,D7:85:88:F5:88:4C,0e55db4e-b72e-3e9c-9468-d4ef44cb069c,-70
1560508248648,D7:85:88:F5:88:4C,66bd8860-6e87-3544-b022-1abaf04ce4ca,-91
1560508248695,D7:85:88:F5:88:4C,c77e7cf1-12bc-36be-9270-c8d56e131eac,-69
1560508248941,D7:85:88:F5:88:4C,c77e7cf1-12bc-36be-9270-c8d56e131eac,-71
1560508248990,D7:85:88:F5:88:4C,0e55db4e-b72e-3e9c-9468-d4ef44cb069c,-84
1560508249191,D7:85:88:F5:88:4C,c77e7cf1-12bc-36be-9270-c8d56e131eac,-82
1560508249299,D7:85:88:F5:88:4C,0e55db4e-b72e-3e9c-9468-d4ef44cb069c,-68
1560508249508,D7:85:88:F5:88:4C,c697eede-6a0a-3d21-8936-3a7f86a830ee,-67
1560508249753,D7:85:88:F5:88:4C,66bd8860-6e87-3544-b022-1abaf04ce4ca,-76
1560508249807,D7:85:88:F5:88:4C,3af9ac1c-c3a5-36f7-a737-4868789e2832,-60
1560508250016,D7:85:88:F5:88:4C,0e55db4e-b72e-3e9c-9468-d4ef44cb069c,-80
1560508250212,E8:97:A0:6C:3B:24,d3eedeb6-a50a-35bb-9a2c-d9626d3d4b3e,-90
1560508250412,D7:85:88:F5:88:4C,66bd8860-6e87-3544-b022-1abaf04ce4ca,-78
1560508250415,E8:97:A0:6C:3B:24,c697eede-6a0a-3d21-8936-3a7f86a830ee,-94
1560508250461,D7:85:88:F5:88:4C,c77e7cf1-12bc-36be-9270-c8d56e131eac,-89
1560508250510,E8:97:A0:6C:3B:24,3af9ac1c-c3a5-36f7-a737-4868789e2832,-84
1560508250561,D7:85:88:F5:88:4C,3af9ac1c-c3a5-36f7-a737-4868789e2832,-64
1560508250900,D7:85:88:F5:88:4C,66bd8860-6e87-3544-b022-1abaf04ce4ca,-80
1560508250950,D7:85:88:F5:88:4C,c77e7cf1-12bc-36be-9270-c8d56e131eac,-89
1560508251047,D7:85:88:F5:88:4C,0e55db4e-b72e-3e9c-9468-d4ef44cb069c,-74
1560508251148,E8:97:A0:6C:3B:24,d3eedeb6-a50a-35bb-9a2c-d9626d3d4b3e,-91
1560508251312,E8:97:A0:6C:3B:24,3af9ac1c-c3a5-36f7-a737-4868789e2832,-90
1560508251469,D7:85:88:F5:88:4C,c697eede-6a0a-3d21-8936-3a7f86a830ee,-72
1560508251606,D7:85:88:F5:88:4C,66bd8860-6e87-3544-b022-1abaf04ce4ca,-82
1560508251657,D7:85:88:F5:88:4C,d3eedeb6-a50a-35bb-9a2c-d9626d3d4b3e,-65
1560508251759,D7:85:88:F5:88:4C,66bd8860-6e87-3544-b022-1abaf04ce4ca,-83
1560508251955,D7:85:88:F5:88:4C,66bd8860-6e87-3544-b022-1abaf04ce4ca,-78
1560508252050,D7:85:88:F5:88:4C,66bd8860-6e87-3544-b022-1abaf04ce4ca,-85
1560508252091,D7:85:88:F5:88:4C,c697eede-6a0a-3d21-8936-3a7f86a830ee,-65
1560508252290,D7:85:88:F5:88:4C,66bd8860-6e87-3544-b022-1abaf04ce4ca,-83
1560508252387,D7:85:88:F5:88:4C,66bd8860-6e87-3544-b022-1abaf04ce4ca,-80
1560508252435,D7:85:88:F5:88:4C,0e55db4e-b72e-3e9c-9468-d4ef44cb069c,-82
1560508252635,D7:85:88:F5:88:4C,66bd8860-6e87-3544-b022-1abaf04ce4ca,-73
1560508252786,D7:85:88:F5:88:4C,66bd8860-6e87-3544-b022-1abaf04ce4ca,-86
1560508252943,D7:85:88:F5:88:4C,3af9ac1c-c3a5-36f7-a737-4868789e2832,-59
1560508253742,D7:85:88:F5:88:4C,3af9ac1c-c3a5-36f7-a737-4868789e2832,-62
1560508253792,D7:85:88:F5:88:4C,c77e7cf1-12bc-36be-9270-c8d56e131eac,-86
1560508253990,D7:85:88:F5:88:4C,c77e7cf1-12bc-36be-9270-c8d56e131eac,-79
1560508254500,E8:97:A0:6C:3B:24,3af9ac1c-c3a5-36f7-a737-4868789e2832,-88
1560508254554,D7:85:88:F5:88:4C,0e55db4e-b72e-3e9c-9468-d4ef44cb069c,-82
1560508254596,D7:85:88:F5:88:4C,c77e7cf1-12bc-36be-9270-c8d56e131eac,-79
1560508254740,D7:85:88:F5:88:4C,66bd8860-6e87-3544-b022-1abaf04ce4ca,-81
1560508255032,D7:85:88:F5:88:4C,66bd8860-6e87-3544-b022-1abaf04ce4ca,-80
1560508255475,D7:85:88:F5:88:4C,66bd8860-6e87-3544-b022-1abaf04ce4ca,-82
1560508255691,D7:85:88:F5:88:4C,66bd8860-6e87-3544-b022-1abaf04ce4ca,-80
1560508255788,D7:85:88:F5:88:4C,66bd8860-6e87-3544-b022-1abaf04ce4ca,-77
1560508256155,D7:85:88:F5:88:4C,66bd8860-6e87-3544-b022-1abaf04ce4ca,-83
1560508256300,E8:97:A0:6C:3B:24,c697eede-6a0a-3d21-8936-3a7f86a830ee,-89
1560508256344,D7:85:88:F5:88:4C,66bd8860-6e87-3544-b022-1abaf04ce4ca,-89
1560508256392,D7:85:88:F5:88:4C,d3eedeb6-a50a-35bb-9a2c-d9626d3d4b3e,-66
1560508256450,D7:85:88:F5:88:4C,66bd8860-6e87-3544-b022-1abaf04ce4ca,-72
1560508256506,D7:85:88:F5:88:4C,c77e7cf1-12bc-36be-9270-c8d56e131eac,-79
1560508256944,D7:85:88:F5:88:4C,3af9ac1c-c3a5-36f7-a737-4868789e2832,-67
1560508257353,D7:85:88:F5:88:4C,0e55db4e-b72e-3e9c-9468-d4ef44cb069c,-67
1560508257400,D7:85:88:F5:88:4C,66bd8860-6e87-3544-b022-1abaf04ce4ca,-81
1560508257604,E8:97:A0:6C:3B:24,c697eede-6a0a-3d21-8936-3a7f86a830ee,-95
1560508257864,E8:97:A0:6C:3B:24,d3eedeb6-a50a-35bb-9a2c-d9626d3d4b3e,-92
1560508257929,D7:85:88:F5:88:4C,66bd8860-6e87-3544-b022-1abaf04ce4ca,-76
1560508258013,D7:85:88:F5:88:4C,0e55db4e-b72e-3e9c-9468-d4ef44cb069c,-70
1560508258288,D7:85:88:F5:88:4C,c77e7cf1-12bc-36be-9270-c8d56e131eac,-75
1560508258522,D7:85:88:F5:88:4C,3af9ac1c-c3a5-36f7-a737-4868789e2832,-56
1560508258710,D7:85:88:F5:88:4C,0e55db4e-b72e-3e9c-9468-d4ef44cb069c,-62
1560508259017,D7:85:88:F5:88:4C,66bd8860-6e87-3544-b022-1abaf04ce4ca,-78
1560508259070,D7:85:88:F5:88:4C,c77e7cf1-12bc-36be-9270-c8d56e131eac,-76
1560508259430,D7:85:88:F5:88:4C,0e55db4e-b72e-3e9c-9468-d4ef44cb069c,-73
1560508259563,D7:85:88:F5:88:4C,c77e7cf1-12bc-36be-9270-c8d56e131eac,-72
1560508259633,D7:85:88:F5:88:4C,66bd8860-6e87-3544-b022-1abaf04ce4ca,-82
1560508259845,D7:85:88:F5:88:4C,c697eede-6a0a-3d21-8936-3a7f86a830ee,-69
1560508260149,D7:85:88:F5:88:4C,3af9ac1c-c3a5-36f7-a737-4868789e2832,-64
1560508260201,D7:85:88:F5:88:4C,d3eedeb6-a50a-35bb-9a2c-d9626d3d4b3e,-54
1560508260423,D7:85:88:F5:88:4C,66bd8860-6e87-3544-b022-1abaf04ce4ca,-75
1560508260496,D7:85:88:F5:88:4C,c697eede-6a0a-3d21-8936-3a7f86a830ee,-66
1560508260571,D7:85:88:F5:88:4C,c77e7cf1-12bc-36be-9270-c8d56e131eac,-76
1560508261300,D7:85:88:F5:88:4C,66bd8860-6e87-3544-b022-1abaf04ce4ca,-79
1560508261514,D7:85:88:F5:88:4C,66bd8860-6e87-3544-b022-1abaf04ce4ca,-79
1560508261732,D7:85:88:F5:88:4C,66bd8860-6e87-3544-b022-1abaf04ce4ca,-79
1560508261948,D7:85:88:F5:88:4C,66bd8860-6e87-3544-b022-1abaf04ce4ca,-78
1560508262026,D7:85:88:F5:88:4C,d3eedeb6-a50a-35bb-9a2c-d9626d3d4b3e,-56
1560508262100,D7:85:88:F5:88:4C,66bd8860-6e87-3544-b022-1abaf04ce4ca,-76
1560508262323,D7:85:88:F5:88:4C,c77e7cf1-12bc-36be-9270-c8d56e131eac,-72
1560508262907,D7:85:88:F5:88:4C,0e55db4e-b72e-3e9c-9468-d4ef44cb069c,-69
1560508263080,D7:85:88:F5:88:4C,66bd8860-6e87-3544-b022-1abaf04ce4ca,-84
1560508263349,D7:85:88:F5:88:4C,c77e7cf1-12bc-36be-9270-c8d56e131eac,-82
1560508263506,D7:85:88:F5:88:4C,66bd8860-6e87-3544-b022-1abaf04ce4ca,-80
1560508263572,D7:85:88:F5:88:4C,0e55db4e-b72e-3e9c-9468-d4ef44cb069c,-77
1560508263717,D7:85:88:F5:88:4C,66bd8860-6e87-3544-b022-1abaf04ce4ca,-85
1560508263935,D7:85:88:F5:88:4C,0e55db4e-b72e-3e9c-9468-d4ef44cb069c,-62
1560508264076,D7:85:88:F5:88:4C,3af9ac1c-c3a5-36f7-a737-4868789e2832,-59
1560508264368,D7:85:88:F5:88:4C,66bd8860-6e87-3544-b022-1abaf04ce4ca,-72
1560508265176,D7:85:88:F5:88:4C,66bd8860-6e87-3544-b022-1abaf04ce4ca,-79
1560508265471,D7:85:88:F5:88:4C,66bd8860-6e87-3544-b022-1abaf04ce4ca,-77
1560508265495,C2:9B:38:AF:12:75,09b1e796-8c3b-3475-9e45-a8d31f93649b,-96
1560508265617,D7:85:88:F5:88:4C,c77e7cf1-12bc-36be-9270-c8d56e131eac,-78
1560508265693,D7:85:88:F5:88:4C,3af9ac1c-c3a5-36f7-a737-4868789e2832,-57
1560508265839,D7:85:88:F5:88:4C,66bd8860-6e87-3544-b022-1abaf04ce4ca,-74
1560508265982,D7:85:88:F5:88:4C,0e55db4e-b72e-3e9c-9468-d4ef44cb069c,-67
1560508266056,E8:97:A0:6C:3B:24,0e55db4e-b72e-3e9c-9468-d4ef44cb069c,-92
1560508266129,D7:85:88:F5:88:4C,66bd8860-6e87-3544-b022-1abaf04ce4ca,-72
1560508266414,D7:85:88:F5:88:4C,c77e7cf1-12bc-36be-9270-c8d56e131eac,-73
1560508266556,D7:85:88:F5:88:4C,66bd8860-6e87-3544-b022-1abaf04ce4ca,-73
1560508266764,E8:97:A0:6C:3B:24,c697eede-6a0a-3d21-8936-3a7f86a830ee,-92
1560508266838,D7:85:88:F5:88:4C,c77e7cf1-12bc-36be-9270-c8d56e131eac,-70
1560508267061,D7:85:88:F5:88:4C,0e55db4e-b72e-3e9c-9468-d4ef44cb069c,-67
1560508267128,D7:85:88:F5:88:4C,66bd8860-6e87-3544-b022-1abaf04ce4ca,-83
1560508267427,E8:97:A0:6C:3B:24,c697eede-6a0a-3d21-8936-3a7f86a830ee,-83
1560508267858,D7:85:88:F5:88:4C,c77e7cf1-12bc-36be-9270-c8d56e131eac,-78
1560508268068,D7:85:88:F5:88:4C,0e55db4e-b72e-3e9c-9468-d4ef44cb069c,-75
1560508268136,D7:85:88:F5:88:4C,c77e7cf1-12bc-36be-9270-c8d56e131eac,-65
1560508268445,D7:85:88:F5:88:4C,66bd8860-6e87-3544-b022-1abaf04ce4ca,-72
1560508268589,D7:85:88:F5:88:4C,d3eedeb6-a50a-35bb-9a2c-d9626d3d4b3e,-50
1560508268667,D7:85:88:F5:88:4C,66bd8860-6e87-3544-b022-1abaf04ce4ca,-73
1560508269187,D7:85:88:F5:88:4C,66bd8860-6e87-3544-b022-1abaf04ce4ca,-86
1560508269409,D7:85:88:F5:88:4C,66bd8860-6e87-3544-b022-1abaf04ce4ca,-86
1560508269548,D7:85:88:F5:88:4C,d3eedeb6-a50a-35bb-9a2c-d9626d3d4b3e,-55
1560508269835,D7:85:88:F5:88:4C,66bd8860-6e87-3544-b022-1abaf04ce4ca,-87
1560508270323,D7:85:88:F5:88:4C,66bd8860-6e87-3544-b022-1abaf04ce4ca,-78
1560508270494,D7:85:88:F5:88:4C,d3eedeb6-a50a-35bb-9a2c-d9626d3d4b3e,-60
1560508270933,E8:97:A0:6C:3B:24,0e55db4e-b72e-3e9c-9468-d4ef44cb069c,-87
1560508271295,D7:85:88:F5:88:4C,66bd8860-6e87-3544-b022-1abaf04ce4ca,-75
1560508271369,E8:97:A0:6C:3B:24,c697eede-6a0a-3d21-8936-3a7f86a830ee,-84
1560508271506,D7:85:88:F5:88:4C,66bd8860-6e87-3544-b022-1abaf04ce4ca,-72
1560508271583,D7:85:88:F5:88:4C,0e55db4e-b72e-3e9c-9468-d4ef44cb069c,-64
1560508271644,E8:97:A0:6C:3B:24,0e55db4e-b72e-3e9c-9468-d4ef44cb069c,-90
1560508271644,D7:85:88:F5:88:4C,c77e7cf1-12bc-36be-9270-c8d56e131eac,-70
1560508271943,D7:85:88:F5:88:4C,66bd8860-6e87-3544-b022-1abaf04ce4ca,-75
1560508272017,E8:97:A0:6C:3B:24,c697eede-6a0a-3d21-8936-3a7f86a830ee,-87
1560508272299,D7:85:88:F5:88:4C,66bd8860-6e87-3544-b022-1abaf04ce4ca,-87
1560508272680,E8:97:A0:6C:3B:24,0e55db4e-b72e-3e9c-9468-d4ef44cb069c,-92
1560508272751,D7:85:88:F5:88:4C,3af9ac1c-c3a5-36f7-a737-4868789e2832,-62
1560508272890,D7:85:88:F5:88:4C,c77e7cf1-12bc-36be-9270-c8d56e131eac,-71
1560508272961,E8:97:A0:6C:3B:24,d3eedeb6-a50a-35bb-9a2c-d9626d3d4b3e,-88
1560508272963,D7:85:88:F5:88:4C,66bd8860-6e87-3544-b022-1abaf04ce4ca,-74
1560508273489,D7:85:88:F5:88:4C,66bd8860-6e87-3544-b022-1abaf04ce4ca,-88
1560508273622,D7:85:88:F5:88:4C,3af9ac1c-c3a5-36f7-a737-4868789e2832,-72
1560508273687,E8:97:A0:6C:3B:24,3af9ac1c-c3a5-36f7-a737-4868789e2832,-86
1560508273709,D7:85:88:F5:88:4C,66bd8860-6e87-3544-b022-1abaf04ce4ca,-90
1560508274210,D7:85:88:F5:88:4C,d3eedeb6-a50a-35bb-9a2c-d9626d3d4b3e,-64
1560508274638,D7:85:88:F5:88:4C,0e55db4e-b72e-3e9c-9468-d4ef44cb069c,-67
1560508274858,E8:97:A0:6C:3B:24,d3eedeb6-a50a-35bb-9a2c-d9626d3d4b3e,-86
1560508274927,D7:85:88:F5:88:4C,c77e7cf1-12bc-36be-9270-c8d56e131eac,-75
1560508276146,D7:85:88:F5:88:4C,66bd8860-6e87-3544-b022-1abaf04ce4ca,-74
1560508276160,E8:97:A0:6C:3B:24,0e55db4e-b72e-3e9c-9468-d4ef44cb069c,-90
1560508276652,D7:85:88:F5:88:4C,66bd8860-6e87-3544-b022-1abaf04ce4ca,-76
1560508276850,E8:97:A0:6C:3B:24,0e55db4e-b72e-3e9c-9468-d4ef44cb069c,-92
1560508277086,D7:85:88:F5:88:4C,0e55db4e-b72e-3e9c-9468-d4ef44cb069c,-67
1560508277299,D7:85:88:F5:88:4C,66bd8860-6e87-3544-b022-1abaf04ce4ca,-75
1560508277448,D7:85:88:F5:88:4C,0e55db4e-b72e-3e9c-9468-d4ef44cb069c,-77
1560508277671,C2:9B:38:AF:12:75,09b1e796-8c3b-3475-9e45-a8d31f93649b,-95
1560508277948,E8:97:A0:6C:3B:24,da2c6c1a-c379-3ccb-8392-3a816b474af2,-97
1560508278019,D7:85:88:F5:88:4C,d3eedeb6-a50a-35bb-9a2c-d9626d3d4b3e,-53
1560508278451,D7:85:88:F5:88:4C,c77e7cf1-12bc-36be-9270-c8d56e131eac,-74
1560508278520,D7:85:88:F5:88:4C,66bd8860-6e87-3544-b022-1abaf04ce4ca,-79
1560508278740,D7:85:88:F5:88:4C,66bd8860-6e87-3544-b022-1abaf04ce4ca,-84
1560508278811,D7:85:88:F5:88:4C,0e55db4e-b72e-3e9c-9468-d4ef44cb069c,-68
1560508278950,D7:85:88:F5:88:4C,c77e7cf1-12bc-36be-9270-c8d56e131eac,-74
1560508279160,D7:85:88:F5:88:4C,0e55db4e-b72e-3e9c-9468-d4ef44cb069c,-74
1560508279890,D7:85:88:F5:88:4C,d3eedeb6-a50a-35bb-9a2c-d9626d3d4b3e,-55
1560508279962,D7:85:88:F5:88:4C,3af9ac1c-c3a5-36f7-a737-4868789e2832,-63
1560508281144,E8:97:A0:6C:3B:24,da2c6c1a-c379-3ccb-8392-3a816b474af2,-94
1560508281219,D7:85:88:F5:88:4C,c697eede-6a0a-3d21-8936-3a7f86a830ee,-67
1560508282226,D7:85:88:F5:88:4C,c77e7cf1-12bc-36be-9270-c8d56e131eac,-90
1560508282301,D7:85:88:F5:88:4C,3af9ac1c-c3a5-36f7-a737-4868789e2832,-72
1560508282521,E8:97:A0:6C:3B:24,3af9ac1c-c3a5-36f7-a737-4868789e2832,-84
1560508282591,D7:85:88:F5:88:4C,66bd8860-6e87-3544-b022-1abaf04ce4ca,-86
1560508282661,D7:85:88:F5:88:4C,d3eedeb6-a50a-35bb-9a2c-d9626d3d4b3e,-78
1560508282739,E8:97:A0:6C:3B:24,5cc80f56-5657-302f-80a2-769e378f37f2,-94
1560508283088,D7:85:88:F5:88:4C,3af9ac1c-c3a5-36f7-a737-4868789e2832,-85
1560508283454,D7:85:88:F5:88:4C,66bd8860-6e87-3544-b022-1abaf04ce4ca,-88
1560508283599,EB:78:55:87:E9:E5,3af9ac1c-c3a5-36f7-a737-4868789e2832,-98
1560508283661,D7:85:88:F5:88:4C,0e55db4e-b72e-3e9c-9468-d4ef44cb069c,-86
1560508283812,D7:85:88:F5:88:4C,c697eede-6a0a-3d21-8936-3a7f86a830ee,-81
1560508284678,E5:53:1E:24:96:2F,09b1e796-8c3b-3475-9e45-a8d31f93649b,-88
1560508284892,E8:97:A0:6C:3B:24,0e55db4e-b72e-3e9c-9468-d4ef44cb069c,-77
1560508285472,D7:85:88:F5:88:4C,3af9ac1c-c3a5-36f7-a737-4868789e2832,-85
1560508285688,E5:53:1E:24:96:2F,09b1e796-8c3b-3475-9e45-a8d31f93649b,-88
1560508285689,E8:97:A0:6C:3B:24,3af9ac1c-c3a5-36f7-a737-4868789e2832,-73
1560508286279,E8:97:A0:6C:3B:24,0e55db4e-b72e-3e9c-9468-d4ef44cb069c,-75
1560508286510,D7:85:88:F5:88:4C,0e55db4e-b72e-3e9c-9468-d4ef44cb069c,-93
1560508288031,E8:97:A0:6C:3B:24,0e55db4e-b72e-3e9c-9468-d4ef44cb069c,-81
1560508288387,E8:97:A0:6C:3B:24,0e55db4e-b72e-3e9c-9468-d4ef44cb069c,-67
1560508288609,EB:78:55:87:E9:E5,c697eede-6a0a-3d21-8936-3a7f86a830ee,-96
1560508289886,E8:97:A0:6C:3B:24,5cc80f56-5657-302f-80a2-769e378f37f2,-76
1560508289896,EB:78:55:87:E9:E5,3af9ac1c-c3a5-36f7-a737-4868789e2832,-91
1560508289961,E8:97:A0:6C:3B:24,d3eedeb6-a50a-35bb-9a2c-d9626d3d4b3e,-51
1560508290701,E8:97:A0:6C:3B:24,5cc80f56-5657-302f-80a2-769e378f37f2,-79
1560508290702,EB:78:55:87:E9:E5,3af9ac1c-c3a5-36f7-a737-4868789e2832,-95
1560508290836,E8:97:A0:6C:3B:24,0e55db4e-b72e-3e9c-9468-d4ef44cb069c,-71
1560508291501,E8:97:A0:6C:3B:24,5cc80f56-5657-302f-80a2-769e378f37f2,-82
1560508292584,E8:97:A0:6C:3B:24,0e55db4e-b72e-3e9c-9468-d4ef44cb069c,-84
1560508293577,EB:78:55:87:E9:E5,1201aae4-b97c-3ec7-8ad3-869e3a8a1d25,-92
1560508293798,EB:78:55:87:E9:E5,c697eede-6a0a-3d21-8936-3a7f86a830ee,-84
1560508293864,EB:78:55:87:E9:E5,3af9ac1c-c3a5-36f7-a737-4868789e2832,-77
1560508293949,EB:78:55:87:E9:E5,0e55db4e-b72e-3e9c-9468-d4ef44cb069c,-85
1560508294790,E8:97:A0:6C:3B:24,c697eede-6a0a-3d21-8936-3a7f86a830ee,-80
1560508294866,EB:78:55:87:E9:E5,0e55db4e-b72e-3e9c-9468-d4ef44cb069c,-84
1560508295023,E8:97:A0:6C:3B:24,0e55db4e-b72e-3e9c-9468-d4ef44cb069c,-89
1560508295023,C2:9B:38:AF:12:75,f9c1476f-1603-397a-a451-2a30c91dbe5c,-90
1560508295750,EB:78:55:87:E9:E5,c697eede-6a0a-3d21-8936-3a7f86a830ee,-87
1560508296459,C2:9B:38:AF:12:75,3af9ac1c-c3a5-36f7-a737-4868789e2832,-86
1560508296528,C2:9B:38:AF:12:75,f9c1476f-1603-397a-a451-2a30c91dbe5c,-93
1560508296742,E8:97:A0:6C:3B:24,c697eede-6a0a-3d21-8936-3a7f86a830ee,-90
1560508296821,C2:9B:38:AF:12:75,0e55db4e-b72e-3e9c-9468-d4ef44cb069c,-89
1560508297487,E8:97:A0:6C:3B:24,0e55db4e-b72e-3e9c-9468-d4ef44cb069c,-89
1560508297692,D7:85:88:F5:88:4C,d3eedeb6-a50a-35bb-9a2c-d9626d3d4b3e,-91
1560508298280,C2:9B:38:AF:12:75,09b1e796-8c3b-3475-9e45-a8d31f93649b,-73
1560508298650,C2:9B:38:AF:12:75,2ab77db3-5669-3f2c-842a-760e4ae0ef4c,-80
1560508298650,E8:97:A0:6C:3B:24,5cc80f56-5657-302f-80a2-769e378f37f2,-91
1560508298799,C2:9B:38:AF:12:75,3af9ac1c-c3a5-36f7-a737-4868789e2832,-77
1560508299323,C2:9B:38:AF:12:75,09b1e796-8c3b-3475-9e45-a8d31f93649b,-61
1560508299610,C2:9B:38:AF:12:75,3af9ac1c-c3a5-36f7-a737-4868789e2832,-80
1560508299686,C2:9B:38:AF:12:75,f9c1476f-1603-397a-a451-2a30c91dbe5c,-77
1560508299900,C2:9B:38:AF:12:75,f9c1476f-1603-397a-a451-2a30c91dbe5c,-76
1560508299977,C2:9B:38:AF:12:75,0e55db4e-b72e-3e9c-9468-d4ef44cb069c,-73
1560508300051,E8:97:A0:6C:3B:24,3af9ac1c-c3a5-36f7-a737-4868789e2832,-92
1560508300273,C2:9B:38:AF:12:75,0e55db4e-b72e-3e9c-9468-d4ef44cb069c,-71
1560508300560,C2:9B:38:AF:12:75,c697eede-6a0a-3d21-8936-3a7f86a830ee,-67
1560508300630,C2:9B:38:AF:12:75,0e55db4e-b72e-3e9c-9468-d4ef44cb069c,-72
1560508300846,C2:9B:38:AF:12:75,f9c1476f-1603-397a-a451-2a30c91dbe5c,-82
1560508300997,C2:9B:38:AF:12:75,0e55db4e-b72e-3e9c-9468-d4ef44cb069c,-68
1560508301501,C2:9B:38:AF:12:75,f9c1476f-1603-397a-a451-2a30c91dbe5c,-76
1560508301638,C2:9B:38:AF:12:75,2ab77db3-5669-3f2c-842a-760e4ae0ef4c,-70
1560508301718,C2:9B:38:AF:12:75,f9c1476f-1603-397a-a451-2a30c91dbe5c,-74
1560508301932,C2:9B:38:AF:12:75,f9c1476f-1603-397a-a451-2a30c91dbe5c,-78
1560508302508,C2:9B:38:AF:12:75,f9c1476f-1603-397a-a451-2a30c91dbe5c,-70
1560508302720,C2:9B:38:AF:12:75,f9c1476f-1603-397a-a451-2a30c91dbe5c,-79
1560508302921,C2:9B:38:AF:12:75,f9c1476f-1603-397a-a451-2a30c91dbe5c,-83
1560508303149,C2:9B:38:AF:12:75,2ab77db3-5669-3f2c-842a-760e4ae0ef4c,-79
1560508303360,C2:9B:38:AF:12:75,f9c1476f-1603-397a-a451-2a30c91dbe5c,-94
1560508303503,C2:9B:38:AF:12:75,f9c1476f-1603-397a-a451-2a30c91dbe5c,-78
1560508303644,C2:9B:38:AF:12:75,2ab77db3-5669-3f2c-842a-760e4ae0ef4c,-79
1560508303783,C2:9B:38:AF:12:75,c697eede-6a0a-3d21-8936-3a7f86a830ee,-73
1560508304139,E8:97:A0:6C:3B:24,d3eedeb6-a50a-35bb-9a2c-d9626d3d4b3e,-86
1560508304297,DA:B5:6B:DD:72:60,09b1e796-8c3b-3475-9e45-a8d31f93649b,-88
1560508304438,E8:97:A0:6C:3B:24,0e55db4e-b72e-3e9c-9468-d4ef44cb069c,-94
1560508304943,C2:9B:38:AF:12:75,f9c1476f-1603-397a-a451-2a30c91dbe5c,-82
1560508305179,C2:9B:38:AF:12:75,0e55db4e-b72e-3e9c-9468-d4ef44cb069c,-75
1560508305248,C2:9B:38:AF:12:75,3af9ac1c-c3a5-36f7-a737-4868789e2832,-84
1560508305467,C2:9B:38:AF:12:75,f9c1476f-1603-397a-a451-2a30c91dbe5c,-88
1560508306024,C2:9B:38:AF:12:75,f9c1476f-1603-397a-a451-2a30c91dbe5c,-85
1560508306099,D7:85:88:F5:88:4C,3af9ac1c-c3a5-36f7-a737-4868789e2832,-92
1560508306168,C2:9B:38:AF:12:75,2ab77db3-5669-3f2c-842a-760e4ae0ef4c,-83
1560508306242,C2:9B:38:AF:12:75,f9c1476f-1603-397a-a451-2a30c91dbe5c,-90
1560508306381,C2:9B:38:AF:12:75,c697eede-6a0a-3d21-8936-3a7f86a830ee,-84
1560508307265,DA:B5:6B:DD:72:60,3af9ac1c-c3a5-36f7-a737-4868789e2832,-89
1560508307770,EB:78:55:87:E9:E5,09b1e796-8c3b-3475-9e45-a8d31f93649b,-97
1560508308499,D7:85:88:F5:88:4C,3af9ac1c-c3a5-36f7-a737-4868789e2832,-94
1560508308725,C2:9B:38:AF:12:75,2ab77db3-5669-3f2c-842a-760e4ae0ef4c,-91
1560508308855,E8:97:A0:6C:3B:24,d3eedeb6-a50a-35bb-9a2c-d9626d3d4b3e,-88
1560508310299,DA:B5:6B:DD:72:60,0e55db4e-b72e-3e9c-9468-d4ef44cb069c,-92
1560508310737,C2:9B:38:AF:12:75,3af9ac1c-c3a5-36f7-a737-4868789e2832,-82
1560508311467,C2:9B:38:AF:12:75,09b1e796-8c3b-3475-9e45-a8d31f93649b,-91
1560508311972,C2:9B:38:AF:12:75,2ab77db3-5669-3f2c-842a-760e4ae0ef4c,-94
1560508312408,C2:9B:38:AF:12:75,09b1e796-8c3b-3475-9e45-a8d31f93649b,-83
1560508312545,DA:B5:6B:DD:72:60,4552091f-a928-358f-8ae8-be7f9b8d89fe,-95
1560508312689,D7:85:88:F5:88:4C,d3eedeb6-a50a-35bb-9a2c-d9626d3d4b3e,-91
1560508314430,DA:B5:6B:DD:72:60,c697eede-6a0a-3d21-8936-3a7f86a830ee,-73
1560508314649,C2:9B:38:AF:12:75,3af9ac1c-c3a5-36f7-a737-4868789e2832,-88
1560508315233,C2:9B:38:AF:12:75,09b1e796-8c3b-3475-9e45-a8d31f93649b,-86
1560508315312,C2:9B:38:AF:12:75,f9c1476f-1603-397a-a451-2a30c91dbe5c,-95
1560508315760,C2:9B:38:AF:12:75,2ab77db3-5669-3f2c-842a-760e4ae0ef4c,-91
1560508315886,DA:B5:6B:DD:72:60,0e55db4e-b72e-3e9c-9468-d4ef44cb069c,-87
1560508316327,E8:97:A0:6C:3B:24,0e55db4e-b72e-3e9c-9468-d4ef44cb069c,-92
1560508316673,DA:B5:6B:DD:72:60,09b1e796-8c3b-3475-9e45-a8d31f93649b,-77
1560508316678,E8:97:A0:6C:3B:24,0e55db4e-b72e-3e9c-9468-d4ef44cb069c,-92
1560508317106,C2:9B:38:AF:12:75,09b1e796-8c3b-3475-9e45-a8d31f93649b,-76
1560508317477,D7:85:88:F5:88:4C,c697eede-6a0a-3d21-8936-3a7f86a830ee,-89
1560508317838,C2:9B:38:AF:12:75,3af9ac1c-c3a5-36f7-a737-4868789e2832,-82
1560508317919,D7:85:88:F5:88:4C,3af9ac1c-c3a5-36f7-a737-4868789e2832,-84
1560508318077,C2:9B:38:AF:12:75,c697eede-6a0a-3d21-8936-3a7f86a830ee,-86
1560508318293,C2:9B:38:AF:12:75,2ab77db3-5669-3f2c-842a-760e4ae0ef4c,-94
1560508318667,C2:9B:38:AF:12:75,3af9ac1c-c3a5-36f7-a737-4868789e2832,-90
1560508318720,D7:85:88:F5:88:4C,3af9ac1c-c3a5-36f7-a737-4868789e2832,-88
1560508319164,DA:B5:6B:DD:72:60,66bd8860-6e87-3544-b022-1abaf04ce4ca,-92
1560508319366,DA:B5:6B:DD:72:60,4552091f-a928-358f-8ae8-be7f9b8d89fe,-89
1560508319603,DA:B5:6B:DD:72:60,c697eede-6a0a-3d21-8936-3a7f86a830ee,-80
1560508320112,D7:85:88:F5:88:4C,0e55db4e-b72e-3e9c-9468-d4ef44cb069c,-93
1560508320250,E8:97:A0:6C:3B:24,c697eede-6a0a-3d21-8936-3a7f86a830ee,-88
1560508320401,DA:B5:6B:DD:72:60,09b1e796-8c3b-3475-9e45-a8d31f93649b,-77
1560508321117,DA:B5:6B:DD:72:60,0e55db4e-b72e-3e9c-9468-d4ef44cb069c,-86
1560508321320,DA:B5:6B:DD:72:60,09b1e796-8c3b-3475-9e45-a8d31f93649b,-73
1560508321395,DA:B5:6B:DD:72:60,4552091f-a928-358f-8ae8-be7f9b8d89fe,-90
1560508321594,DA:B5:6B:DD:72:60,3af9ac1c-c3a5-36f7-a737-4868789e2832,-71
1560508322121,E8:97:A0:6C:3B:24,d3eedeb6-a50a-35bb-9a2c-d9626d3d4b3e,-78
1560508322190,DA:B5:6B:DD:72:60,0e55db4e-b72e-3e9c-9468-d4ef44cb069c,-85
1560508322748,C2:9B:38:AF:12:75,09b1e796-8c3b-3475-9e45-a8d31f93649b,-78
1560508322875,C2:9B:38:AF:12:75,0e55db4e-b72e-3e9c-9468-d4ef44cb069c,-89
1560508323113,DA:B5:6B:DD:72:60,66bd8860-6e87-3544-b022-1abaf04ce4ca,-84
1560508323186,E8:97:A0:6C:3B:24,3af9ac1c-c3a5-36f7-a737-4868789e2832,-94
1560508324620,DA:B5:6B:DD:72:60,0e55db4e-b72e-3e9c-9468-d4ef44cb069c,-83
1560508324981,DA:B5:6B:DD:72:60,0e55db4e-b72e-3e9c-9468-d4ef44cb069c,-78
1560508326073,DA:B5:6B:DD:72:60,09b1e796-8c3b-3475-9e45-a8d31f93649b,-77
1560508326808,DA:B5:6B:DD:72:60,c697eede-6a0a-3d21-8936-3a7f86a830ee,-73
1560508329579,DA:B5:6B:DD:72:60,0e55db4e-b72e-3e9c-9468-d4ef44cb069c,-72
1560508330008,DA:B5:6B:DD:72:60,4552091f-a928-358f-8ae8-be7f9b8d89fe,-78
1560508330227,DA:B5:6B:DD:72:60,0e55db4e-b72e-3e9c-9468-d4ef44cb069c,-74
1560508330305,DA:B5:6B:DD:72:60,66bd8860-6e87-3544-b022-1abaf04ce4ca,-79
1560508331776,DA:B5:6B:DD:72:60,09b1e796-8c3b-3475-9e45-a8d31f93649b,-60
1560508332064,DA:B5:6B:DD:72:60,c697eede-6a0a-3d21-8936-3a7f86a830ee,-72
1560508332682,DA:B5:6B:DD:72:60,c697eede-6a0a-3d21-8936-3a7f86a830ee,-72
1560508333599,DA:B5:6B:DD:72:60,3af9ac1c-c3a5-36f7-a737-4868789e2832,-65
1560508334105,DA:B5:6B:DD:72:60,0e55db4e-b72e-3e9c-9468-d4ef44cb069c,-73
1560508334613,DA:B5:6B:DD:72:60,09b1e796-8c3b-3475-9e45-a8d31f93649b,-66
1560508334869,DA:B5:6B:DD:72:60,4552091f-a928-358f-8ae8-be7f9b8d89fe,-83
1560508335132,DA:B5:6B:DD:72:60,66bd8860-6e87-3544-b022-1abaf04ce4ca,-79
1560508335199,DA:B5:6B:DD:72:60,3af9ac1c-c3a5-36f7-a737-4868789e2832,-61
1560508335499,DA:B5:6B:DD:72:60,0e55db4e-b72e-3e9c-9468-d4ef44cb069c,-75
1560508335558,DA:B5:6B:DD:72:60,09b1e796-8c3b-3475-9e45-a8d31f93649b,-59
1560508335850,DA:B5:6B:DD:72:60,0e55db4e-b72e-3e9c-9468-d4ef44cb069c,-76
1560508335991,DA:B5:6B:DD:72:60,3af9ac1c-c3a5-36f7-a737-4868789e2832,-89
1560508336514,DA:B5:6B:DD:72:60,09b1e796-8c3b-3475-9e45-a8d31f93649b,-67
1560508336649,DA:B5:6B:DD:72:60,4552091f-a928-358f-8ae8-be7f9b8d89fe,-81
1560508336867,DA:B5:6B:DD:72:60,4552091f-a928-358f-8ae8-be7f9b8d89fe,-83
1560508337454,DA:B5:6B:DD:72:60,09b1e796-8c3b-3475-9e45-a8d31f93649b,-78
1560508337600,DA:B5:6B:DD:72:60,0e55db4e-b72e-3e9c-9468-d4ef44cb069c,-80
1560508339402,DA:B5:6B:DD:72:60,4552091f-a928-358f-8ae8-be7f9b8d89fe,-88
1560508340268,DA:B5:6B:DD:72:60,09b1e796-8c3b-3475-9e45-a8d31f93649b,-77
1560508340486,DA:B5:6B:DD:72:60,c697eede-6a0a-3d21-8936-3a7f86a830ee,-91
1560508340708,DA:B5:6B:DD:72:60,0e55db4e-b72e-3e9c-9468-d4ef44cb069c,-92
1560508341217,DA:B5:6B:DD:72:60,09b1e796-8c3b-3475-9e45-a8d31f93649b,-84
1560508342168,DA:B5:6B:DD:72:60,09b1e796-8c3b-3475-9e45-a8d31f93649b,-97
1560508342236,DA:B5:6B:DD:72:60,66bd8860-6e87-3544-b022-1abaf04ce4ca,-89
1560508347955,DA:B5:6B:DD:72:60,4552091f-a928-358f-8ae8-be7f9b8d89fe,-88
1560508348030,DA:B5:6B:DD:72:60,0e55db4e-b72e-3e9c-9468-d4ef44cb069c,-94
1560508348756,DA:B5:6B:DD:72:60,3af9ac1c-c3a5-36f7-a737-4868789e2832,-83
1560508348830,DA:B5:6B:DD:72:60,09b1e796-8c3b-3475-9e45-a8d31f93649b,-82
1560508352226,DA:B5:6B:DD:72:60,c697eede-6a0a-3d21-8936-3a7f86a830ee,-94
1560508355428,DA:B5:6B:DD:72:60,09b1e796-8c3b-3475-9e45-a8d31f93649b,-89
1560508356813,DA:B5:6B:DD:72:60,c697eede-6a0a-3d21-8936-3a7f86a830ee,-91
1560508357320,DA:B5:6B:DD:72:60,4552091f-a928-358f-8ae8-be7f9b8d89fe,-90
1560508358107,DA:B5:6B:DD:72:60,c697eede-6a0a-3d21-8936-3a7f86a830ee,-82
1560508358255,DA:B5:6B:DD:72:60,09b1e796-8c3b-3475-9e45-a8d31f93649b,-77
1560508359190,DA:B5:6B:DD:72:60,09b1e796-8c3b-3475-9e45-a8d31f93649b,-76
1560508359425,DA:B5:6B:DD:72:60,c697eede-6a0a-3d21-8936-3a7f86a830ee,-86
1560508360365,DA:B5:6B:DD:72:60,4552091f-a928-358f-8ae8-be7f9b8d89fe,-82
1560508360663,DA:B5:6B:DD:72:60,0e55db4e-b72e-3e9c-9468-d4ef44cb069c,-72
1560508362066,DA:B5:6B:DD:72:60,09b1e796-8c3b-3475-9e45-a8d31f93649b,-65
1560508362135,DA:B5:6B:DD:72:60,4552091f-a928-358f-8ae8-be7f9b8d89fe,-80
1560508363138,DA:B5:6B:DD:72:60,3af9ac1c-c3a5-36f7-a737-4868789e2832,-61
1560508363651,DA:B5:6B:DD:72:60,4552091f-a928-358f-8ae8-be7f9b8d89fe,-82
1560508363954,DA:B5:6B:DD:72:60,3af9ac1c-c3a5-36f7-a737-4868789e2832,-65
1560508364027,DA:B5:6B:DD:72:60,c697eede-6a0a-3d21-8936-3a7f86a830ee,-64
1560508364839,DA:B5:6B:DD:72:60,0e55db4e-b72e-3e9c-9468-d4ef44cb069c,-67
1560508365420,DA:B5:6B:DD:72:60,4552091f-a928-358f-8ae8-be7f9b8d89fe,-67
1560508365930,C2:9B:38:AF:12:75,09b1e796-8c3b-3475-9e45-a8d31f93649b,-88
1560508365938,DA:B5:6B:DD:72:60,4552091f-a928-358f-8ae8-be7f9b8d89fe,-70
1560508367215,DA:B5:6B:DD:72:60,4552091f-a928-358f-8ae8-be7f9b8d89fe,-64
1560508367719,DA:B5:6B:DD:72:60,4552091f-a928-358f-8ae8-be7f9b8d89fe,-73
1560508367796,DA:B5:6B:DD:72:60,66bd8860-6e87-3544-b022-1abaf04ce4ca,-79
1560508367951,DA:B5:6B:DD:72:60,3af9ac1c-c3a5-36f7-a737-4868789e2832,-62
1560508368020,DA:B5:6B:DD:72:60,0e55db4e-b72e-3e9c-9468-d4ef44cb069c,-68
1560508368238,DA:B5:6B:DD:72:60,4552091f-a928-358f-8ae8-be7f9b8d89fe,-72
1560508369748,DA:B5:6B:DD:72:60,4552091f-a928-358f-8ae8-be7f9b8d89fe,-82
1560508371123,DA:B5:6B:DD:72:60,3af9ac1c-c3a5-36f7-a737-4868789e2832,-83
1560508371497,DA:B5:6B:DD:72:60,0e55db4e-b72e-3e9c-9468-d4ef44cb069c,-85
1560508371567,C2:9B:38:AF:12:75,09b1e796-8c3b-3475-9e45-a8d31f93649b,-96
1560508372575,DA:B5:6B:DD:72:60,0e55db4e-b72e-3e9c-9468-d4ef44cb069c,-85
1560508373517,DA:B5:6B:DD:72:60,3af9ac1c-c3a5-36f7-a737-4868789e2832,-80
1560508373587,DA:B5:6B:DD:72:60,0e55db4e-b72e-3e9c-9468-d4ef44cb069c,-84
1560508374382,DA:B5:6B:DD:72:60,3af9ac1c-c3a5-36f7-a737-4868789e2832,-79
1560508375107,DA:B5:6B:DD:72:60,c697eede-6a0a-3d21-8936-3a7f86a830ee,-80
1560508377057,DA:B5:6B:DD:72:60,c697eede-6a0a-3d21-8936-3a7f86a830ee,-87
1560508377133,DA:B5:6B:DD:72:60,0e55db4e-b72e-3e9c-9468-d4ef44cb069c,-84
1560508377203,DA:B5:6B:DD:72:60,09b1e796-8c3b-3475-9e45-a8d31f93649b,-82
1560508377720,DA:B5:6B:DD:72:60,c697eede-6a0a-3d21-8936-3a7f86a830ee,-88
1560508379964,DA:B5:6B:DD:72:60,3af9ac1c-c3a5-36f7-a737-4868789e2832,-80
1560508380319,DA:B5:6B:DD:72:60,c697eede-6a0a-3d21-8936-3a7f86a830ee,-91
1560508380608,DA:B5:6B:DD:72:60,0e55db4e-b72e-3e9c-9468-d4ef44cb069c,-84
1560508381629,DA:B5:6B:DD:72:60,c697eede-6a0a-3d21-8936-3a7f86a830ee,-90
1560508383590,DA:B5:6B:DD:72:60,c697eede-6a0a-3d21-8936-3a7f86a830ee,-86
1560508384963,DA:B5:6B:DD:72:60,4552091f-a928-358f-8ae8-be7f9b8d89fe,-93
1560508385602,DA:B5:6B:DD:72:60,c697eede-6a0a-3d21-8936-3a7f86a830ee,-90
1560508386035,C2:9B:38:AF:12:75,c697eede-6a0a-3d21-8936-3a7f86a830ee,-93
1560508386671,C2:9B:38:AF:12:75,c697eede-6a0a-3d21-8936-3a7f86a830ee,-92
1560508387674,DA:B5:6B:DD:72:60,09b1e796-8c3b-3475-9e45-a8d31f93649b,-77
1560508388323,DA:B5:6B:DD:72:60,0e55db4e-b72e-3e9c-9468-d4ef44cb069c,-88
1560508388828,DA:B5:6B:DD:72:60,c697eede-6a0a-3d21-8936-3a7f86a830ee,-81
1560508389043,DA:B5:6B:DD:72:60,0e55db4e-b72e-3e9c-9468-d4ef44cb069c,-83
1560508389256,DA:B5:6B:DD:72:60,4552091f-a928-358f-8ae8-be7f9b8d89fe,-94
1560508389550,DA:B5:6B:DD:72:60,09b1e796-8c3b-3475-9e45-a8d31f93649b,-84
1560508392290,EB:78:55:87:E9:E5,09b1e796-8c3b-3475-9e45-a8d31f93649b,-94
1560508392351,C2:9B:38:AF:12:75,3af9ac1c-c3a5-36f7-a737-4868789e2832,-79
1560508392436,C2:9B:38:AF:12:75,2ab77db3-5669-3f2c-842a-760e4ae0ef4c,-90
1560508393290,C2:9B:38:AF:12:75,3af9ac1c-c3a5-36f7-a737-4868789e2832,-76
1560508394017,E8:97:A0:6C:3B:24,d3eedeb6-a50a-35bb-9a2c-d9626d3d4b3e,-89
1560508394157,C2:9B:38:AF:12:75,f9c1476f-1603-397a-a451-2a30c91dbe5c,-89
1560508394951,E8:97:A0:6C:3B:24,d3eedeb6-a50a-35bb-9a2c-d9626d3d4b3e,-92
1560508395239,C2:9B:38:AF:12:75,f9c1476f-1603-397a-a451-2a30c91dbe5c,-93
1560508395590,C2:9B:38:AF:12:75,f9c1476f-1603-397a-a451-2a30c91dbe5c,-92
1560508395822,C2:9B:38:AF:12:75,f9c1476f-1603-397a-a451-2a30c91dbe5c,-88
1560508395891,E8:97:A0:6C:3B:24,3af9ac1c-c3a5-36f7-a737-4868789e2832,-85
1560508397188,C2:9B:38:AF:12:75,3af9ac1c-c3a5-36f7-a737-4868789e2832,-78
1560508397910,EB:78:55:87:E9:E5,09b1e796-8c3b-3475-9e45-a8d31f93649b,-85
1560508398507,E8:97:A0:6C:3B:24,0e55db4e-b72e-3e9c-9468-d4ef44cb069c,-89
1560508399218,EB:78:55:87:E9:E5,3af9ac1c-c3a5-36f7-a737-4868789e2832,-90
1560508399796,EB:78:55:87:E9:E5,09b1e796-8c3b-3475-9e45-a8d31f93649b,-88
1560508400815,EB:78:55:87:E9:E5,3af9ac1c-c3a5-36f7-a737-4868789e2832,-94
1560508401107,E8:97:A0:6C:3B:24,c697eede-6a0a-3d21-8936-3a7f86a830ee,-90
1560508401108,EB:78:55:87:E9:E5,0e55db4e-b72e-3e9c-9468-d4ef44cb069c,-91
1560508401971,E8:97:A0:6C:3B:24,0e55db4e-b72e-3e9c-9468-d4ef44cb069c,-89
1560508402261,E8:97:A0:6C:3B:24,3af9ac1c-c3a5-36f7-a737-4868789e2832,-81
1560508402398,EB:78:55:87:E9:E5,3af9ac1c-c3a5-36f7-a737-4868789e2832,-92
1560508402399,E8:97:A0:6C:3B:24,c697eede-6a0a-3d21-8936-3a7f86a830ee,-87
1560508402547,E8:97:A0:6C:3B:24,d3eedeb6-a50a-35bb-9a2c-d9626d3d4b3e,-77
1560508402847,C2:9B:38:AF:12:75,c697eede-6a0a-3d21-8936-3a7f86a830ee,-94
1560508403064,E8:97:A0:6C:3B:24,0e55db4e-b72e-3e9c-9468-d4ef44cb069c,-86
1560508403212,EB:78:55:87:E9:E5,3af9ac1c-c3a5-36f7-a737-4868789e2832,-88
1560508403797,E8:97:A0:6C:3B:24,da2c6c1a-c379-3ccb-8392-3a816b474af2,-84
1560508403798,EB:78:55:87:E9:E5,c697eede-6a0a-3d21-8936-3a7f86a830ee,-86
1560508404521,EB:78:55:87:E9:E5,09b1e796-8c3b-3475-9e45-a8d31f93649b,-90
1560508405311,EB:78:55:87:E9:E5,6090e946-3b7f-3f74-aeae-e7202f6c8d69,-92
1560508406401,EB:78:55:87:E9:E5,3af9ac1c-c3a5-36f7-a737-4868789e2832,-79
1560508408196,C2:9B:38:AF:12:75,09b1e796-8c3b-3475-9e45-a8d31f93649b,-88
1560508411124,E8:97:A0:6C:3B:24,0e55db4e-b72e-3e9c-9468-d4ef44cb069c,-80
1560508411773,E8:97:A0:6C:3B:24,5cc80f56-5657-302f-80a2-769e378f37f2,-94
1560508411846,E8:97:A0:6C:3B:24,3af9ac1c-c3a5-36f7-a737-4868789e2832,-86
1560508411980,E8:97:A0:6C:3B:24,d3eedeb6-a50a-35bb-9a2c-d9626d3d4b3e,-77
1560508412555,E8:97:A0:6C:3B:24,5cc80f56-5657-302f-80a2-769e378f37f2,-88
1560508412620,E8:97:A0:6C:3B:24,3af9ac1c-c3a5-36f7-a737-4868789e2832,-72
1560508412847,E8:97:A0:6C:3B:24,c697eede-6a0a-3d21-8936-3a7f86a830ee,-75
1560508413148,E8:97:A0:6C:3B:24,0e55db4e-b72e-3e9c-9468-d4ef44cb069c,-88
1560508415386,D7:85:88:F5:88:4C,3af9ac1c-c3a5-36f7-a737-4868789e2832,-90
1560508415748,D7:85:88:F5:88:4C,0e55db4e-b72e-3e9c-9468-d4ef44cb069c,-92
1560508416819,D7:85:88:F5:88:4C,0e55db4e-b72e-3e9c-9468-d4ef44cb069c,-83
1560508416899,D7:85:88:F5:88:4C,66bd8860-6e87-3544-b022-1abaf04ce4ca,-89
1560508417037,D7:85:88:F5:88:4C,66bd8860-6e87-3544-b022-1abaf04ce4ca,-93
1560508418179,D7:85:88:F5:88:4C,0e55db4e-b72e-3e9c-9468-d4ef44cb069c,-88
1560508419267,D7:85:88:F5:88:4C,c77e7cf1-12bc-36be-9270-c8d56e131eac,-83
1560508419347,D7:85:88:F5:88:4C,3af9ac1c-c3a5-36f7-a737-4868789e2832,-83
1560508419501,D7:85:88:F5:88:4C,c77e7cf1-12bc-36be-9270-c8d56e131eac,-91
1560508419718,D7:85:88:F5:88:4C,c697eede-6a0a-3d21-8936-3a7f86a830ee,-86
1560508420525,D7:85:88:F5:88:4C,c77e7cf1-12bc-36be-9270-c8d56e131eac,-92
1560508420663,D7:85:88:F5:88:4C,0e55db4e-b72e-3e9c-9468-d4ef44cb069c,-83
1560508421321,D7:85:88:F5:88:4C,66bd8860-6e87-3544-b022-1abaf04ce4ca,-92
1560508421604,D7:85:88:F5:88:4C,d3eedeb6-a50a-35bb-9a2c-d9626d3d4b3e,-81
1560508421681,D7:85:88:F5:88:4C,c697eede-6a0a-3d21-8936-3a7f86a830ee,-88
1560508421751,D7:85:88:F5:88:4C,3af9ac1c-c3a5-36f7-a737-4868789e2832,-75
1560508422403,D7:85:88:F5:88:4C,0e55db4e-b72e-3e9c-9468-d4ef44cb069c,-88
1560508422618,D7:85:88:F5:88:4C,c77e7cf1-12bc-36be-9270-c8d56e131eac,-97
1560508423418,D7:85:88:F5:88:4C,0e55db4e-b72e-3e9c-9468-d4ef44cb069c,-83
1560508423923,D7:85:88:F5:88:4C,66bd8860-6e87-3544-b022-1abaf04ce4ca,-91
1560508424208,D7:85:88:F5:88:4C,66bd8860-6e87-3544-b022-1abaf04ce4ca,-88
1560508424805,D7:85:88:F5:88:4C,0e55db4e-b72e-3e9c-9468-d4ef44cb069c,-82
1560508424884,D7:85:88:F5:88:4C,c77e7cf1-12bc-36be-9270-c8d56e131eac,-87
1560508425176,D7:85:88:F5:88:4C,0e55db4e-b72e-3e9c-9468-d4ef44cb069c,-88
1560508425598,D7:85:88:F5:88:4C,c77e7cf1-12bc-36be-9270-c8d56e131eac,-88
1560508426834,D7:85:88:F5:88:4C,c697eede-6a0a-3d21-8936-3a7f86a830ee,-90
1560508426910,D7:85:88:F5:88:4C,0e55db4e-b72e-3e9c-9468-d4ef44cb069c,-88
1560508427776,D7:85:88:F5:88:4C,66bd8860-6e87-3544-b022-1abaf04ce4ca,-94
1560508428427,D7:85:88:F5:88:4C,66bd8860-6e87-3544-b022-1abaf04ce4ca,-93
1560508429664,D7:85:88:F5:88:4C,3af9ac1c-c3a5-36f7-a737-4868789e2832,-85
1560508430458,D7:85:88:F5:88:4C,3af9ac1c-c3a5-36f7-a737-4868789e2832,-90
1560508431033,D7:85:88:F5:88:4C,0e55db4e-b72e-3e9c-9468-d4ef44cb069c,-92
1560508431034,E8:97:A0:6C:3B:24,3af9ac1c-c3a5-36f7-a737-4868789e2832,-88
1560508431108,E8:97:A0:6C:3B:24,c697eede-6a0a-3d21-8936-3a7f86a830ee,-94
1560508431905,D7:85:88:F5:88:4C,d3eedeb6-a50a-35bb-9a2c-d9626d3d4b3e,-86
1560508432852,D7:85:88:F5:88:4C,3af9ac1c-c3a5-36f7-a737-4868789e2832,-90
1560508433063,E8:97:A0:6C:3B:24,c697eede-6a0a-3d21-8936-3a7f86a830ee,-89
1560508434381,E8:97:A0:6C:3B:24,c697eede-6a0a-3d21-8936-3a7f86a830ee,-82
1560508435733,E8:97:A0:6C:3B:24,d3eedeb6-a50a-35bb-9a2c-d9626d3d4b3e,-70
1560508435812,E8:97:A0:6C:3B:24,3af9ac1c-c3a5-36f7-a737-4868789e2832,-82
1560508436099,EB:78:55:87:E9:E5,c697eede-6a0a-3d21-8936-3a7f86a830ee,-94
1560508437198,EB:78:55:87:E9:E5,3af9ac1c-c3a5-36f7-a737-4868789e2832,-91
1560508437991,E8:97:A0:6C:3B:24,0e55db4e-b72e-3e9c-9468-d4ef44cb069c,-86
1560508438052,E8:97:A0:6C:3B:24,da2c6c1a-c379-3ccb-8392-3a816b474af2,-88
1560508438071,EB:78:55:87:E9:E5,3af9ac1c-c3a5-36f7-a737-4868789e2832,-89
1560508438857,E8:97:A0:6C:3B:24,da2c6c1a-c379-3ccb-8392-3a816b474af2,-88
1560508439586,EB:78:55:87:E9:E5,3af9ac1c-c3a5-36f7-a737-4868789e2832,-85
1560508439655,E8:97:A0:6C:3B:24,da2c6c1a-c379-3ccb-8392-3a816b474af2,-90
1560508439726,DA:B5:6B:DD:72:60,c697eede-6a0a-3d21-8936-3a7f86a830ee,-89
1560508440392,E8:97:A0:6C:3B:24,d3eedeb6-a50a-35bb-9a2c-d9626d3d4b3e,-71
1560508440610,E8:97:A0:6C:3B:24,3af9ac1c-c3a5-36f7-a737-4868789e2832,-74
1560508441344,E8:97:A0:6C:3B:24,d3eedeb6-a50a-35bb-9a2c-d9626d3d4b3e,-72
1560508441417,E8:97:A0:6C:3B:24,3af9ac1c-c3a5-36f7-a737-4868789e2832,-82
1560508441837,E8:97:A0:6C:3B:24,0e55db4e-b72e-3e9c-9468-d4ef44cb069c,-80
1560508443637,E8:97:A0:6C:3B:24,da2c6c1a-c379-3ccb-8392-3a816b474af2,-88
1560508444446,E8:97:A0:6C:3B:24,da2c6c1a-c379-3ccb-8392-3a816b474af2,-83
1560508444660,E8:97:A0:6C:3B:24,0e55db4e-b72e-3e9c-9468-d4ef44cb069c,-79
1560508444871,C2:9B:38:AF:12:75,c697eede-6a0a-3d21-8936-3a7f86a830ee,-86
1560508445157,EB:78:55:87:E9:E5,3af9ac1c-c3a5-36f7-a737-4868789e2832,-86
1560508445309,C2:9B:38:AF:12:75,0e55db4e-b72e-3e9c-9468-d4ef44cb069c,-89
1560508445593,EB:78:55:87:E9:E5,6090e946-3b7f-3f74-aeae-e7202f6c8d69,-91
1560508446178,C2:9B:38:AF:12:75,c697eede-6a0a-3d21-8936-3a7f86a830ee,-90
1560508446244,C2:9B:38:AF:12:75,3af9ac1c-c3a5-36f7-a737-4868789e2832,-90
1560508446815,E8:97:A0:6C:3B:24,c697eede-6a0a-3d21-8936-3a7f86a830ee,-71
1560508446886,E8:97:A0:6C:3B:24,5cc80f56-5657-302f-80a2-769e378f37f2,-82
1560508447130,E8:97:A0:6C:3B:24,0e55db4e-b72e-3e9c-9468-d4ef44cb069c,-84
1560508447131,D7:85:88:F5:88:4C,3af9ac1c-c3a5-36f7-a737-4868789e2832,-91
1560508447133,EB:78:55:87:E9:E5,0e55db4e-b72e-3e9c-9468-d4ef44cb069c,-89
1560508447489,E8:97:A0:6C:3B:24,0e55db4e-b72e-3e9c-9468-d4ef44cb069c,-80
1560508447558,D7:85:88:F5:88:4C,c697eede-6a0a-3d21-8936-3a7f86a830ee,-89
1560508448428,E5:53:1E:24:96:2F,09b1e796-8c3b-3475-9e45-a8d31f93649b,-95
1560508448939,E8:97:A0:6C:3B:24,d3eedeb6-a50a-35bb-9a2c-d9626d3d4b3e,-68
1560508449587,C2:9B:38:AF:12:75,09b1e796-8c3b-3475-9e45-a8d31f93649b,-78
1560508450022,E8:97:A0:6C:3B:24,da2c6c1a-c379-3ccb-8392-3a816b474af2,-76
1560508450098,E8:97:A0:6C:3B:24,c697eede-6a0a-3d21-8936-3a7f86a830ee,-78
1560508450099,D7:85:88:F5:88:4C,c697eede-6a0a-3d21-8936-3a7f86a830ee,-92
1560508450599,E8:97:A0:6C:3B:24,0e55db4e-b72e-3e9c-9468-d4ef44cb069c,-84
1560508450749,D7:85:88:F5:88:4C,c697eede-6a0a-3d21-8936-3a7f86a830ee,-93
1560508450820,E8:97:A0:6C:3B:24,da2c6c1a-c379-3ccb-8392-3a816b474af2,-86
1560508450892,E8:97:A0:6C:3B:24,d3eedeb6-a50a-35bb-9a2c-d9626d3d4b3e,-69
1560508452047,E8:97:A0:6C:3B:24,c697eede-6a0a-3d21-8936-3a7f86a830ee,-78
1560508452418,E8:97:A0:6C:3B:24,da2c6c1a-c379-3ccb-8392-3a816b474af2,-79
1560508452627,E8:97:A0:6C:3B:24,3af9ac1c-c3a5-36f7-a737-4868789e2832,-68
1560508453432,EB:78:55:87:E9:E5,0e55db4e-b72e-3e9c-9468-d4ef44cb069c,-83
1560508453455,C2:9B:38:AF:12:75,3af9ac1c-c3a5-36f7-a737-4868789e2832,-86
1560508453456,E8:97:A0:6C:3B:24,3af9ac1c-c3a5-36f7-a737-4868789e2832,-91
1560508453515,C2:9B:38:AF:12:75,f9c1476f-1603-397a-a451-2a30c91dbe5c,-89
1560508453579,EB:78:55:87:E9:E5,1201aae4-b97c-3ec7-8ad3-869e3a8a1d25,-93
1560508453789,EB:78:55:87:E9:E5,1201aae4-b97c-3ec7-8ad3-869e3a8a1d25,-83
1560508453866,EB:78:55:87:E9:E5,3af9ac1c-c3a5-36f7-a737-4868789e2832,-71
1560508454014,EB:78:55:87:E9:E5,1201aae4-b97c-3ec7-8ad3-869e3a8a1d25,-87
1560508454015,E8:97:A0:6C:3B:24,da2c6c1a-c379-3ccb-8392-3a816b474af2,-88
1560508454436,D7:85:88:F5:88:4C,d3eedeb6-a50a-35bb-9a2c-d9626d3d4b3e,-89
1560508454437,EB:78:55:87:E9:E5,6090e946-3b7f-3f74-aeae-e7202f6c8d69,-81
1560508454606,E8:97:A0:6C:3B:24,d3eedeb6-a50a-35bb-9a2c-d9626d3d4b3e,-75
1560508454936,EB:78:55:87:E9:E5,c697eede-6a0a-3d21-8936-3a7f86a830ee,-87
1560508454998,E8:97:A0:6C:3B:24,3af9ac1c-c3a5-36f7-a737-4868789e2832,-78
1560508455127,C2:9B:38:AF:12:75,f9c1476f-1603-397a-a451-2a30c91dbe5c,-88
1560508455366,C2:9B:38:AF:12:75,f9c1476f-1603-397a-a451-2a30c91dbe5c,-91
1560508455419,EB:78:55:87:E9:E5,6090e946-3b7f-3f74-aeae-e7202f6c8d69,-88
1560508455502,EB:78:55:87:E9:E5,3af9ac1c-c3a5-36f7-a737-4868789e2832,-75
1560508455552,E8:97:A0:6C:3B:24,d3eedeb6-a50a-35bb-9a2c-d9626d3d4b3e,-82
1560508455553,EB:78:55:87:E9:E5,c697eede-6a0a-3d21-8936-3a7f86a830ee,-94
1560508455711,EB:78:55:87:E9:E5,6090e946-3b7f-3f74-aeae-e7202f6c8d69,-82
1560508455719,C2:9B:38:AF:12:75,0e55db4e-b72e-3e9c-9468-d4ef44cb069c,-84
1560508455764,C2:9B:38:AF:12:75,3af9ac1c-c3a5-36f7-a737-4868789e2832,-85
1560508455843,E8:97:A0:6C:3B:24,0e55db4e-b72e-3e9c-9468-d4ef44cb069c,-77
1560508455930,E8:97:A0:6C:3B:24,c697eede-6a0a-3d21-8936-3a7f86a830ee,-74
1560508455983,C2:9B:38:AF:12:75,c697eede-6a0a-3d21-8936-3a7f86a830ee,-78
1560508456087,EB:78:55:87:E9:E5,09b1e796-8c3b-3475-9e45-a8d31f93649b,-71
1560508456119,EB:78:55:87:E9:E5,1201aae4-b97c-3ec7-8ad3-869e3a8a1d25,-88
1560508456146,C2:9B:38:AF:12:75,f9c1476f-1603-397a-a451-2a30c91dbe5c,-88
1560508456175,EB:78:55:87:E9:E5,6090e946-3b7f-3f74-aeae-e7202f6c8d69,-88
1560508456176,E8:97:A0:6C:3B:24,0e55db4e-b72e-3e9c-9468-d4ef44cb069c,-76
1560508456232,C2:9B:38:AF:12:75,f9c1476f-1603-397a-a451-2a30c91dbe5c,-90
1560508456292,EB:78:55:87:E9:E5,3af9ac1c-c3a5-36f7-a737-4868789e2832,-72
1560508456395,C2:9B:38:AF:12:75,2ab77db3-5669-3f2c-842a-760e4ae0ef4c,-86
1560508456431,E8:97:A0:6C:3B:24,5cc80f56-5657-302f-80a2-769e378f37f2,-86
1560508456529,E8:97:A0:6C:3B:24,0e55db4e-b72e-3e9c-9468-d4ef44cb069c,-84
1560508456590,E8:97:A0:6C:3B:24,c697eede-6a0a-3d21-8936-3a7f86a830ee,-75
1560508456590,C2:9B:38:AF:12:75,3af9ac1c-c3a5-36f7-a737-4868789e2832,-78
1560508456673,EB:78:55:87:E9:E5,1201aae4-b97c-3ec7-8ad3-869e3a8a1d25,-86
1560508456758,C2:9B:38:AF:12:75,0e55db4e-b72e-3e9c-9468-d4ef44cb069c,-86
1560508456868,EB:78:55:87:E9:E5,c697eede-6a0a-3d21-8936-3a7f86a830ee,-73
1560508456893,C2:9B:38:AF:12:75,f9c1476f-1603-397a-a451-2a30c91dbe5c,-92
1560508457034,C2:9B:38:AF:12:75,09b1e796-8c3b-3475-9e45-a8d31f93649b,-76
1560508457171,C2:9B:38:AF:12:75,2ab77db3-5669-3f2c-842a-760e4ae0ef4c,-86
1560508457226,EB:78:55:87:E9:E5,1201aae4-b97c-3ec7-8ad3-869e3a8a1d25,-84
1560508457325,C2:9B:38:AF:12:75,f9c1476f-1603-397a-a451-2a30c91dbe5c,-92
1560508457425,EB:78:55:87:E9:E5,1201aae4-b97c-3ec7-8ad3-869e3a8a1d25,-87
1560508457476,EB:78:55:87:E9:E5,6090e946-3b7f-3f74-aeae-e7202f6c8d69,-80
1560508457979,C2:9B:38:AF:12:75,09b1e796-8c3b-3475-9e45-a8d31f93649b,-74
1560508458028,E8:97:A0:6C:3B:24,5cc80f56-5657-302f-80a2-769e378f37f2,-86
1560508458079,EB:78:55:87:E9:E5,1201aae4-b97c-3ec7-8ad3-869e3a8a1d25,-82
1560508458301,EB:78:55:87:E9:E5,1201aae4-b97c-3ec7-8ad3-869e3a8a1d25,-83
1560508458302,EB:78:55:87:E9:E5,0e55db4e-b72e-3e9c-9468-d4ef44cb069c,-79
1560508458302,E8:97:A0:6C:3B:24,0e55db4e-b72e-3e9c-9468-d4ef44cb069c,-84
1560508458396,E8:97:A0:6C:3B:24,d3eedeb6-a50a-35bb-9a2c-d9626d3d4b3e,-89
1560508458547,C2:9B:38:AF:12:75,c697eede-6a0a-3d21-8936-3a7f86a830ee,-77
1560508458645,EB:78:55:87:E9:E5,1201aae4-b97c-3ec7-8ad3-869e3a8a1d25,-91
1560508458646,E8:97:A0:6C:3B:24,0e55db4e-b72e-3e9c-9468-d4ef44cb069c,-88
1560508458841,EB:78:55:87:E9:E5,0e55db4e-b72e-3e9c-9468-d4ef44cb069c,-81
1560508459000,EB:78:55:87:E9:E5,1201aae4-b97c-3ec7-8ad3-869e3a8a1d25,-93
1560508459004,C2:9B:38:AF:12:75,3af9ac1c-c3a5-36f7-a737-4868789e2832,-72
1560508459005,E8:97:A0:6C:3B:24,0e55db4e-b72e-3e9c-9468-d4ef44cb069c,-81
1560508459048,E8:97:A0:6C:3B:24,3af9ac1c-c3a5-36f7-a737-4868789e2832,-74
1560508459201,E8:97:A0:6C:3B:24,c697eede-6a0a-3d21-8936-3a7f86a830ee,-79
1560508459259,EB:78:55:87:E9:E5,6090e946-3b7f-3f74-aeae-e7202f6c8d69,-80
1560508459518,C2:9B:38:AF:12:75,f9c1476f-1603-397a-a451-2a30c91dbe5c,-96
1560508459518,EB:78:55:87:E9:E5,0e55db4e-b72e-3e9c-9468-d4ef44cb069c,-77
1560508459830,E8:97:A0:6C:3B:24,3af9ac1c-c3a5-36f7-a737-4868789e2832,-78
1560508459831,C2:9B:38:AF:12:75,c697eede-6a0a-3d21-8936-3a7f86a830ee,-87
1560508459881,EB:78:55:87:E9:E5,1201aae4-b97c-3ec7-8ad3-869e3a8a1d25,-81
1560508460184,EB:78:55:87:E9:E5,1201aae4-b97c-3ec7-8ad3-869e3a8a1d25,-84
1560508460489,E8:97:A0:6C:3B:24,0e55db4e-b72e-3e9c-9468-d4ef44cb069c,-95
1560508460627,E8:97:A0:6C:3B:24,3af9ac1c-c3a5-36f7-a737-4868789e2832,-84
1560508460772,C2:9B:38:AF:12:75,09b1e796-8c3b-3475-9e45-a8d31f93649b,-94
1560508460823,EB:78:55:87:E9:E5,0e55db4e-b72e-3e9c-9468-d4ef44cb069c,-76
1560508461022,EB:78:55:87:E9:E5,3af9ac1c-c3a5-36f7-a737-4868789e2832,-79
1560508461267,EB:78:55:87:E9:E5,1201aae4-b97c-3ec7-8ad3-869e3a8a1d25,-85
1560508461363,C2:9B:38:AF:12:75,3af9ac1c-c3a5-36f7-a737-4868789e2832,-86
1560508461408,EB:78:55:87:E9:E5,0e55db4e-b72e-3e9c-9468-d4ef44cb069c,-86
1560508461704,EB:78:55:87:E9:E5,0e55db4e-b72e-3e9c-9468-d4ef44cb069c,-77
1560508461803,EB:78:55:87:E9:E5,6090e946-3b7f-3f74-aeae-e7202f6c8d69,-79
1560508461850,EB:78:55:87:E9:E5,1201aae4-b97c-3ec7-8ad3-869e3a8a1d25,-85
1560508462217,EB:78:55:87:E9:E5,6090e946-3b7f-3f74-aeae-e7202f6c8d69,-68
1560508462314,EB:78:55:87:E9:E5,0e55db4e-b72e-3e9c-9468-d4ef44cb069c,-69
1560508462358,EB:78:55:87:E9:E5,1201aae4-b97c-3ec7-8ad3-869e3a8a1d25,-72
1560508462456,EB:78:55:87:E9:E5,1201aae4-b97c-3ec7-8ad3-869e3a8a1d25,-79
1560508462509,EB:78:55:87:E9:E5,6090e946-3b7f-3f74-aeae-e7202f6c8d69,-71
1560508462641,E5:53:1E:24:96:2F,09b1e796-8c3b-3475-9e45-a8d31f93649b,-84
1560508462641,EB:78:55:87:E9:E5,0e55db4e-b72e-3e9c-9468-d4ef44cb069c,-63
1560508462695,C2:9B:38:AF:12:75,0e55db4e-b72e-3e9c-9468-d4ef44cb069c,-93
1560508462799,EB:78:55:87:E9:E5,1201aae4-b97c-3ec7-8ad3-869e3a8a1d25,-75
1560508462902,EB:78:55:87:E9:E5,1201aae4-b97c-3ec7-8ad3-869e3a8a1d25,-78
1560508462953,EB:78:55:87:E9:E5,0e55db4e-b72e-3e9c-9468-d4ef44cb069c,-70
1560508463104,EB:78:55:87:E9:E5,1201aae4-b97c-3ec7-8ad3-869e3a8a1d25,-74
1560508463417,EB:78:55:87:E9:E5,3af9ac1c-c3a5-36f7-a737-4868789e2832,-57
1560508463466,EB:78:55:87:E9:E5,1201aae4-b97c-3ec7-8ad3-869e3a8a1d25,-67
1560508463559,EB:78:55:87:E9:E5,1201aae4-b97c-3ec7-8ad3-869e3a8a1d25,-79
1560508464008,EB:78:55:87:E9:E5,6090e946-3b7f-3f74-aeae-e7202f6c8d69,-76
1560508464211,EB:78:55:87:E9:E5,1201aae4-b97c-3ec7-8ad3-869e3a8a1d25,-78
1560508464514,EB:78:55:87:E9:E5,09b1e796-8c3b-3475-9e45-a8d31f93649b,-61
1560508464515,E5:53:1E:24:96:2F,09b1e796-8c3b-3475-9e45-a8d31f93649b,-92
1560508464552,EB:78:55:87:E9:E5,0e55db4e-b72e-3e9c-9468-d4ef44cb069c,-71
1560508464657,E8:97:A0:6C:3B:24,3af9ac1c-c3a5-36f7-a737-4868789e2832,-86
1560508464657,EB:78:55:87:E9:E5,1201aae4-b97c-3ec7-8ad3-869e3a8a1d25,-77
1560508464759,EB:78:55:87:E9:E5,1201aae4-b97c-3ec7-8ad3-869e3a8a1d25,-82
1560508464963,EB:78:55:87:E9:E5,3af9ac1c-c3a5-36f7-a737-4868789e2832,-62
1560508465108,C2:9B:38:AF:12:75,0e55db4e-b72e-3e9c-9468-d4ef44cb069c,-97
1560508465204,E5:53:1E:24:96:2F,3af9ac1c-c3a5-36f7-a737-4868789e2832,-88
1560508465205,EB:78:55:87:E9:E5,1201aae4-b97c-3ec7-8ad3-869e3a8a1d25,-88
1560508465414,EB:78:55:87:E9:E5,1201aae4-b97c-3ec7-8ad3-869e3a8a1d25,-79
1560508465809,EB:78:55:87:E9:E5,3af9ac1c-c3a5-36f7-a737-4868789e2832,-71
1560508466008,EB:78:55:87:E9:E5,6090e946-3b7f-3f74-aeae-e7202f6c8d69,-77
1560508466511,EB:78:55:87:E9:E5,6090e946-3b7f-3f74-aeae-e7202f6c8d69,-82
1560508466613,EB:78:55:87:E9:E5,c697eede-6a0a-3d21-8936-3a7f86a830ee,-70
1560508467072,E8:97:A0:6C:3B:24,c697eede-6a0a-3d21-8936-3a7f86a830ee,-89
1560508467270,E5:53:1E:24:96:2F,0e55db4e-b72e-3e9c-9468-d4ef44cb069c,-84
1560508467274,EB:78:55:87:E9:E5,1201aae4-b97c-3ec7-8ad3-869e3a8a1d25,-82
1560508467324,EB:78:55:87:E9:E5,09b1e796-8c3b-3475-9e45-a8d31f93649b,-69
1560508467520,EB:78:55:87:E9:E5,1201aae4-b97c-3ec7-8ad3-869e3a8a1d25,-82
1560508467850,EB:78:55:87:E9:E5,c697eede-6a0a-3d21-8936-3a7f86a830ee,-70
1560508468158,EB:78:55:87:E9:E5,1201aae4-b97c-3ec7-8ad3-869e3a8a1d25,-82
1560508468209,E5:53:1E:24:96:2F,c697eede-6a0a-3d21-8936-3a7f86a830ee,-88
1560508468314,EB:78:55:87:E9:E5,09b1e796-8c3b-3475-9e45-a8d31f93649b,-64
1560508468360,EB:78:55:87:E9:E5,0e55db4e-b72e-3e9c-9468-d4ef44cb069c,-78
1560508468404,C2:9B:38:AF:12:75,09b1e796-8c3b-3475-9e45-a8d31f93649b,-92
1560508468810,E5:53:1E:24:96:2F,c697eede-6a0a-3d21-8936-3a7f86a830ee,-88
1560508468810,EB:78:55:87:E9:E5,1201aae4-b97c-3ec7-8ad3-869e3a8a1d25,-85
1560508468960,EB:78:55:87:E9:E5,1201aae4-b97c-3ec7-8ad3-869e3a8a1d25,-91
1560508469011,E8:97:A0:6C:3B:24,c697eede-6a0a-3d21-8936-3a7f86a830ee,-93
1560508469066,EB:78:55:87:E9:E5,1201aae4-b97c-3ec7-8ad3-869e3a8a1d25,-88
1560508469158,EB:78:55:87:E9:E5,1201aae4-b97c-3ec7-8ad3-869e3a8a1d25,-98
1560508469158,E8:97:A0:6C:3B:24,0e55db4e-b72e-3e9c-9468-d4ef44cb069c,-95
1560508469804,EB:78:55:87:E9:E5,c697eede-6a0a-3d21-8936-3a7f86a830ee,-79
1560508469995,E5:53:1E:24:96:2F,3af9ac1c-c3a5-36f7-a737-4868789e2832,-80
1560508470451,EB:78:55:87:E9:E5,1201aae4-b97c-3ec7-8ad3-869e3a8a1d25,-83
1560508471057,EB:78:55:87:E9:E5,6090e946-3b7f-3f74-aeae-e7202f6c8d69,-77
1560508471211,EB:78:55:87:E9:E5,0e55db4e-b72e-3e9c-9468-d4ef44cb069c,-74
1560508471263,EB:78:55:87:E9:E5,1201aae4-b97c-3ec7-8ad3-869e3a8a1d25,-82
1560508471416,E5:53:1E:24:96:2F,c697eede-6a0a-3d21-8936-3a7f86a830ee,-88
1560508471518,EB:78:55:87:E9:E5,0e55db4e-b72e-3e9c-9468-d4ef44cb069c,-76
1560508471560,EB:78:55:87:E9:E5,6090e946-3b7f-3f74-aeae-e7202f6c8d69,-77
1560508471670,EB:78:55:87:E9:E5,1201aae4-b97c-3ec7-8ad3-869e3a8a1d25,-88
1560508471721,EB:78:55:87:E9:E5,c697eede-6a0a-3d21-8936-3a7f86a830ee,-80
1560508471821,EB:78:55:87:E9:E5,6090e946-3b7f-3f74-aeae-e7202f6c8d69,-82
1560508472071,EB:78:55:87:E9:E5,6090e946-3b7f-3f74-aeae-e7202f6c8d69,-89
1560508472115,EB:78:55:87:E9:E5,3af9ac1c-c3a5-36f7-a737-4868789e2832,-71
1560508472324,EB:78:55:87:E9:E5,1201aae4-b97c-3ec7-8ad3-869e3a8a1d25,-91
1560508472325,E8:97:A0:6C:3B:24,0e55db4e-b72e-3e9c-9468-d4ef44cb069c,-90
1560508472534,EB:78:55:87:E9:E5,6090e946-3b7f-3f74-aeae-e7202f6c8d69,-82
1560508472973,EB:78:55:87:E9:E5,09b1e796-8c3b-3475-9e45-a8d31f93649b,-89
1560508473042,EB:78:55:87:E9:E5,c697eede-6a0a-3d21-8936-3a7f86a830ee,-89
1560508473775,EB:78:55:87:E9:E5,0e55db4e-b72e-3e9c-9468-d4ef44cb069c,-86
1560508474063,EB:78:55:87:E9:E5,6090e946-3b7f-3f74-aeae-e7202f6c8d69,-88
1560508474430,EB:78:55:87:E9:E5,0e55db4e-b72e-3e9c-9468-d4ef44cb069c,-81
1560508474787,E5:53:1E:24:96:2F,3af9ac1c-c3a5-36f7-a737-4868789e2832,-79
1560508475442,E5:53:1E:24:96:2F,0e55db4e-b72e-3e9c-9468-d4ef44cb069c,-90
1560508476011,E5:53:1E:24:96:2F,c697eede-6a0a-3d21-8936-3a7f86a830ee,-89
1560508476660,E5:53:1E:24:96:2F,c697eede-6a0a-3d21-8936-3a7f86a830ee,-82
1560508476729,E5:53:1E:24:96:2F,0e55db4e-b72e-3e9c-9468-d4ef44cb069c,-78
1560508476960,E5:53:1E:24:96:2F,a3ad12b7-06e9-31be-bcc9-4cd0249b5562,-90
1560508477256,E8:97:A0:6C:3B:24,0e55db4e-b72e-3e9c-9468-d4ef44cb069c,-88
1560508477768,EB:78:55:87:E9:E5,3af9ac1c-c3a5-36f7-a737-4868789e2832,-88
1560508478131,E5:53:1E:24:96:2F,0e55db4e-b72e-3e9c-9468-d4ef44cb069c,-81
1560508478200,EB:78:55:87:E9:E5,0e55db4e-b72e-3e9c-9468-d4ef44cb069c,-92
1560508478992,E8:97:A0:6C:3B:24,0e55db4e-b72e-3e9c-9468-d4ef44cb069c,-95
1560508479272,E8:97:A0:6C:3B:24,d3eedeb6-a50a-35bb-9a2c-d9626d3d4b3e,-84
1560508479272,E5:53:1E:24:96:2F,c697eede-6a0a-3d21-8936-3a7f86a830ee,-80
1560508480511,EB:78:55:87:E9:E5,09b1e796-8c3b-3475-9e45-a8d31f93649b,-89
1560508480586,E5:53:1E:24:96:2F,c697eede-6a0a-3d21-8936-3a7f86a830ee,-76
1560508481756,E5:53:1E:24:96:2F,a3ad12b7-06e9-31be-bcc9-4cd0249b5562,-78
1560508482044,E5:53:1E:24:96:2F,3af9ac1c-c3a5-36f7-a737-4868789e2832,-63
1560508482635,E5:53:1E:24:96:2F,c697eede-6a0a-3d21-8936-3a7f86a830ee,-71
1560508484793,D7:85:88:F5:88:4C,0e55db4e-b72e-3e9c-9468-d4ef44cb069c,-89
1560508484794,EB:78:55:87:E9:E5,3af9ac1c-c3a5-36f7-a737-4868789e2832,-97
1560508484812,E5:53:1E:24:96:2F,0e55db4e-b72e-3e9c-9468-d4ef44cb069c,-86
1560508485808,E5:53:1E:24:96:2F,c697eede-6a0a-3d21-8936-3a7f86a830ee,-78
1560508485885,D7:85:88:F5:88:4C,3af9ac1c-c3a5-36f7-a737-4868789e2832,-89
1560508486321,D7:85:88:F5:88:4C,d3eedeb6-a50a-35bb-9a2c-d9626d3d4b3e,-88
1560508486534,E5:53:1E:24:96:2F,a3ad12b7-06e9-31be-bcc9-4cd0249b5562,-88
1560508486900,E5:53:1E:24:96:2F,0e55db4e-b72e-3e9c-9468-d4ef44cb069c,-86
1560508488147,E5:53:1E:24:96:2F,a3ad12b7-06e9-31be-bcc9-4cd0249b5562,-83
1560508489149,E5:53:1E:24:96:2F,09b1e796-8c3b-3475-9e45-a8d31f93649b,-76
1560508489218,EB:78:55:87:E9:E5,c697eede-6a0a-3d21-8936-3a7f86a830ee,-92
1560508489736,E5:53:1E:24:96:2F,a3ad12b7-06e9-31be-bcc9-4cd0249b5562,-92
1560508489806,E5:53:1E:24:96:2F,0e55db4e-b72e-3e9c-9468-d4ef44cb069c,-82
1560508490993,D7:85:88:F5:88:4C,d3eedeb6-a50a-35bb-9a2c-d9626d3d4b3e,-90
1560508491280,E5:53:1E:24:96:2F,18eb2042-91cf-38e6-b280-8bef570522d7,-87
1560508491784,E5:53:1E:24:96:2F,0e55db4e-b72e-3e9c-9468-d4ef44cb069c,-76
1560508492076,E5:53:1E:24:96:2F,18eb2042-91cf-38e6-b280-8bef570522d7,-82
1560508492236,D7:85:88:F5:88:4C,3af9ac1c-c3a5-36f7-a737-4868789e2832,-82
1560508492667,EB:78:55:87:E9:E5,09b1e796-8c3b-3475-9e45-a8d31f93649b,-84
1560508492880,E5:53:1E:24:96:2F,18eb2042-91cf-38e6-b280-8bef570522d7,-72
1560508492947,E5:53:1E:24:96:2F,09b1e796-8c3b-3475-9e45-a8d31f93649b,-64
1560508493037,D7:85:88:F5:88:4C,3af9ac1c-c3a5-36f7-a737-4868789e2832,-84
1560508493469,D7:85:88:F5:88:4C,0e55db4e-b72e-3e9c-9468-d4ef44cb069c,-80
1560508493845,D7:85:88:F5:88:4C,3af9ac1c-c3a5-36f7-a737-4868789e2832,-89
1560508493999,E5:53:1E:24:96:2F,3af9ac1c-c3a5-36f7-a737-4868789e2832,-60
1560508494288,E5:53:1E:24:96:2F,c697eede-6a0a-3d21-8936-3a7f86a830ee,-84
1560508494505,E5:53:1E:24:96:2F,a3ad12b7-06e9-31be-bcc9-4cd0249b5562,-78
1560508494575,E5:53:1E:24:96:2F,0e55db4e-b72e-3e9c-9468-d4ef44cb069c,-71
1560508494795,E5:53:1E:24:96:2F,3af9ac1c-c3a5-36f7-a737-4868789e2832,-56
1560508494934,E5:53:1E:24:96:2F,0e55db4e-b72e-3e9c-9468-d4ef44cb069c,-72
1560508495528,EB:78:55:87:E9:E5,09b1e796-8c3b-3475-9e45-a8d31f93649b,-83
1560508495598,E5:53:1E:24:96:2F,3af9ac1c-c3a5-36f7-a737-4868789e2832,-58
1560508496117,E5:53:1E:24:96:2F,a3ad12b7-06e9-31be-bcc9-4cd0249b5562,-79
1560508496266,E5:53:1E:24:96:2F,c697eede-6a0a-3d21-8936-3a7f86a830ee,-75
1560508496416,E5:53:1E:24:96:2F,3af9ac1c-c3a5-36f7-a737-4868789e2832,-61
1560508496417,EB:78:55:87:E9:E5,09b1e796-8c3b-3475-9e45-a8d31f93649b,-93
1560508497047,E5:53:1E:24:96:2F,0e55db4e-b72e-3e9c-9468-d4ef44cb069c,-72
1560508497198,E5:53:1E:24:96:2F,3af9ac1c-c3a5-36f7-a737-4868789e2832,-73
1560508497346,D7:85:88:F5:88:4C,c697eede-6a0a-3d21-8936-3a7f86a830ee,-94
1560508497559,E5:53:1E:24:96:2F,c697eede-6a0a-3d21-8936-3a7f86a830ee,-83
1560508497710,E5:53:1E:24:96:2F,a3ad12b7-06e9-31be-bcc9-4cd0249b5562,-86
1560508497779,E5:53:1E:24:96:2F,0e55db4e-b72e-3e9c-9468-d4ef44cb069c,-81
1560508497995,E5:53:1E:24:96:2F,3af9ac1c-c3a5-36f7-a737-4868789e2832,-76
1560508498440,E5:53:1E:24:96:2F,0e55db4e-b72e-3e9c-9468-d4ef44cb069c,-88
1560508498792,E5:53:1E:24:96:2F,0e55db4e-b72e-3e9c-9468-d4ef44cb069c,-83
1560508498793,EB:78:55:87:E9:E5,0e55db4e-b72e-3e9c-9468-d4ef44cb069c,-92
1560508498870,E5:53:1E:24:96:2F,c697eede-6a0a-3d21-8936-3a7f86a830ee,-80
1560508499227,EB:78:55:87:E9:E5,09b1e796-8c3b-3475-9e45-a8d31f93649b,-85
1560508499305,E5:53:1E:24:96:2F,a3ad12b7-06e9-31be-bcc9-4cd0249b5562,-88
1560508500187,E5:53:1E:24:96:2F,c697eede-6a0a-3d21-8936-3a7f86a830ee,-91
1560508500853,EB:78:55:87:E9:E5,c697eede-6a0a-3d21-8936-3a7f86a830ee,-90
1560508501071,E8:97:A0:6C:3B:24,0e55db4e-b72e-3e9c-9468-d4ef44cb069c,-94
1560508501586,E5:53:1E:24:96:2F,0e55db4e-b72e-3e9c-9468-d4ef44cb069c,-82
1560508501735,E8:97:A0:6C:3B:24,c697eede-6a0a-3d21-8936-3a7f86a830ee,-88
1560508502387,E8:97:A0:6C:3B:24,c697eede-6a0a-3d21-8936-3a7f86a830ee,-88
1560508502387,E5:53:1E:24:96:2F,09b1e796-8c3b-3475-9e45-a8d31f93649b,-80
1560508502811,E8:97:A0:6C:3B:24,0e55db4e-b72e-3e9c-9468-d4ef44cb069c,-89
1560508502880,EB:78:55:87:E9:E5,0e55db4e-b72e-3e9c-9468-d4ef44cb069c,-89
1560508503034,E8:97:A0:6C:3B:24,c697eede-6a0a-3d21-8936-3a7f86a830ee,-91
1560508503896,E8:97:A0:6C:3B:24,0e55db4e-b72e-3e9c-9468-d4ef44cb069c,-89
1560508504407,E8:97:A0:6C:3B:24,c697eede-6a0a-3d21-8936-3a7f86a830ee,-82
1560508504408,E5:53:1E:24:96:2F,3af9ac1c-c3a5-36f7-a737-4868789e2832,-88
1560508504698,EB:78:55:87:E9:E5,c697eede-6a0a-3d21-8936-3a7f86a830ee,-85
1560508504837,EB:78:55:87:E9:E5,0e55db4e-b72e-3e9c-9468-d4ef44cb069c,-84
1560508504912,EB:78:55:87:E9:E5,1201aae4-b97c-3ec7-8ad3-869e3a8a1d25,-93
1560508505130,EB:78:55:87:E9:E5,0e55db4e-b72e-3e9c-9468-d4ef44cb069c,-87
1560508505351,EB:78:55:87:E9:E5,c697eede-6a0a-3d21-8936-3a7f86a830ee,-74
1560508506206,EB:78:55:87:E9:E5,1201aae4-b97c-3ec7-8ad3-869e3a8a1d25,-83
1560508506278,E8:97:A0:6C:3B:24,3af9ac1c-c3a5-36f7-a737-4868789e2832,-87
1560508506351,E8:97:A0:6C:3B:24,0e55db4e-b72e-3e9c-9468-d4ef44cb069c,-92
1560508506853,EB:78:55:87:E9:E5,1201aae4-b97c-3ec7-8ad3-869e3a8a1d25,-87
1560508506924,EB:78:55:87:E9:E5,3af9ac1c-c3a5-36f7-a737-4868789e2832,-73
1560508507067,EB:78:55:87:E9:E5,1201aae4-b97c-3ec7-8ad3-869e3a8a1d25,-82
1560508507341,EB:78:55:87:E9:E5,c697eede-6a0a-3d21-8936-3a7f86a830ee,-69
1560508507342,E5:53:1E:24:96:2F,c697eede-6a0a-3d21-8936-3a7f86a830ee,-88
1560508507425,EB:78:55:87:E9:E5,1201aae4-b97c-3ec7-8ad3-869e3a8a1d25,-89
1560508507495,EB:78:55:87:E9:E5,1201aae4-b97c-3ec7-8ad3-869e3a8a1d25,-92
1560508507708,EB:78:55:87:E9:E5,1201aae4-b97c-3ec7-8ad3-869e3a8a1d25,-88
1560508508080,EB:78:55:87:E9:E5,1201aae4-b97c-3ec7-8ad3-869e3a8a1d25,-90
1560508508430,EB:78:55:87:E9:E5,1201aae4-b97c-3ec7-8ad3-869e3a8a1d25,-77
1560508508511,EB:78:55:87:E9:E5,3af9ac1c-c3a5-36f7-a737-4868789e2832,-68
1560508508586,EB:78:55:87:E9:E5,c697eede-6a0a-3d21-8936-3a7f86a830ee,-73
1560508508660,C2:9B:38:AF:12:75,09b1e796-8c3b-3475-9e45-a8d31f93649b,-84
1560508509240,EB:78:55:87:E9:E5,c697eede-6a0a-3d21-8936-3a7f86a830ee,-62
1560508509316,EB:78:55:87:E9:E5,6090e946-3b7f-3f74-aeae-e7202f6c8d69,-68
1560508509609,E8:97:A0:6C:3B:24,d3eedeb6-a50a-35bb-9a2c-d9626d3d4b3e,-86
1560508509759,C2:9B:38:AF:12:75,3af9ac1c-c3a5-36f7-a737-4868789e2832,-86
1560508510205,EB:78:55:87:E9:E5,1201aae4-b97c-3ec7-8ad3-869e3a8a1d25,-76
1560508510287,EB:78:55:87:E9:E5,6090e946-3b7f-3f74-aeae-e7202f6c8d69,-70
1560508510561,EB:78:55:87:E9:E5,c697eede-6a0a-3d21-8936-3a7f86a830ee,-71
1560508510630,EB:78:55:87:E9:E5,1201aae4-b97c-3ec7-8ad3-869e3a8a1d25,-77
1560508510767,EB:78:55:87:E9:E5,1201aae4-b97c-3ec7-8ad3-869e3a8a1d25,-82
1560508510841,EB:78:55:87:E9:E5,0e55db4e-b72e-3e9c-9468-d4ef44cb069c,-68
1560508510912,E5:53:1E:24:96:2F,09b1e796-8c3b-3475-9e45-a8d31f93649b,-91
1560508510913,EB:78:55:87:E9:E5,1201aae4-b97c-3ec7-8ad3-869e3a8a1d25,-86
1560508510988,EB:78:55:87:E9:E5,1201aae4-b97c-3ec7-8ad3-869e3a8a1d25,-80
1560508511132,EB:78:55:87:E9:E5,0e55db4e-b72e-3e9c-9468-d4ef44cb069c,-74
1560508511200,EB:78:55:87:E9:E5,1201aae4-b97c-3ec7-8ad3-869e3a8a1d25,-79
1560508511274,C2:9B:38:AF:12:75,3af9ac1c-c3a5-36f7-a737-4868789e2832,-85
1560508511274,EB:78:55:87:E9:E5,6090e946-3b7f-3f74-aeae-e7202f6c8d69,-79
1560508511627,EB:78:55:87:E9:E5,1201aae4-b97c-3ec7-8ad3-869e3a8a1d25,-81
1560508511862,EB:78:55:87:E9:E5,c697eede-6a0a-3d21-8936-3a7f86a830ee,-68
1560508511863,E5:53:1E:24:96:2F,09b1e796-8c3b-3475-9e45-a8d31f93649b,-83
1560508512443,E5:53:1E:24:96:2F,3af9ac1c-c3a5-36f7-a737-4868789e2832,-86
1560508512448,E8:97:A0:6C:3B:24,d3eedeb6-a50a-35bb-9a2c-d9626d3d4b3e,-93
1560508512515,EB:78:55:87:E9:E5,3af9ac1c-c3a5-36f7-a737-4868789e2832,-66
1560508513010,EB:78:55:87:E9:E5,0e55db4e-b72e-3e9c-9468-d4ef44cb069c,-65
1560508513438,EB:78:55:87:E9:E5,1201aae4-b97c-3ec7-8ad3-869e3a8a1d25,-84
1560508513499,EB:78:55:87:E9:E5,1201aae4-b97c-3ec7-8ad3-869e3a8a1d25,-74
1560508513721,EB:78:55:87:E9:E5,1201aae4-b97c-3ec7-8ad3-869e3a8a1d25,-71
1560508513935,EB:78:55:87:E9:E5,1201aae4-b97c-3ec7-8ad3-869e3a8a1d25,-77
1560508514157,EB:78:55:87:E9:E5,1201aae4-b97c-3ec7-8ad3-869e3a8a1d25,-69
1560508514364,E8:97:A0:6C:3B:24,d3eedeb6-a50a-35bb-9a2c-d9626d3d4b3e,-85
1560508514436,EB:78:55:87:E9:E5,1201aae4-b97c-3ec7-8ad3-869e3a8a1d25,-67
1560508514867,C2:9B:38:AF:12:75,c697eede-6a0a-3d21-8936-3a7f86a830ee,-90
1560508515148,EB:78:55:87:E9:E5,09b1e796-8c3b-3475-9e45-a8d31f93649b,-54
1560508515217,EB:78:55:87:E9:E5,0e55db4e-b72e-3e9c-9468-d4ef44cb069c,-72
1560508515290,C2:9B:38:AF:12:75,3af9ac1c-c3a5-36f7-a737-4868789e2832,-83
1560508515291,E8:97:A0:6C:3B:24,d3eedeb6-a50a-35bb-9a2c-d9626d3d4b3e,-95
1560508515365,EB:78:55:87:E9:E5,1201aae4-b97c-3ec7-8ad3-869e3a8a1d25,-79
1560508515579,EB:78:55:87:E9:E5,6090e946-3b7f-3f74-aeae-e7202f6c8d69,-70
1560508516093,E8:97:A0:6C:3B:24,c697eede-6a0a-3d21-8936-3a7f86a830ee,-86
1560508516309,EB:78:55:87:E9:E5,c697eede-6a0a-3d21-8936-3a7f86a830ee,-86
1560508516733,E8:97:A0:6C:3B:24,c697eede-6a0a-3d21-8936-3a7f86a830ee,-94
1560508517175,E8:97:A0:6C:3B:24,0e55db4e-b72e-3e9c-9468-d4ef44cb069c,-92
1560508517327,EB:78:55:87:E9:E5,6090e946-3b7f-3f74-aeae-e7202f6c8d69,-82
1560508517396,E8:97:A0:6C:3B:24,c697eede-6a0a-3d21-8936-3a7f86a830ee,-97
1560508517463,E8:97:A0:6C:3B:24,3af9ac1c-c3a5-36f7-a737-4868789e2832,-92
1560508517756,E5:53:1E:24:96:2F,c697eede-6a0a-3d21-8936-3a7f86a830ee,-96
1560508517824,EB:78:55:87:E9:E5,6090e946-3b7f-3f74-aeae-e7202f6c8d69,-84
1560508518039,EB:78:55:87:E9:E5,1201aae4-b97c-3ec7-8ad3-869e3a8a1d25,-86
1560508518251,EB:78:55:87:E9:E5,c697eede-6a0a-3d21-8936-3a7f86a830ee,-83
1560508518756,EB:78:55:87:E9:E5,1201aae4-b97c-3ec7-8ad3-869e3a8a1d25,-92
1560508519050,C2:9B:38:AF:12:75,09b1e796-8c3b-3475-9e45-a8d31f93649b,-74
1560508519123,D7:85:88:F5:88:4C,66bd8860-6e87-3544-b022-1abaf04ce4ca,-95
1560508519192,D7:85:88:F5:88:4C,d3eedeb6-a50a-35bb-9a2c-d9626d3d4b3e,-88
1560508519265,E8:97:A0:6C:3B:24,0e55db4e-b72e-3e9c-9468-d4ef44cb069c,-85
1560508519340,EB:78:55:87:E9:E5,6090e946-3b7f-3f74-aeae-e7202f6c8d69,-90
1560508519495,E8:97:A0:6C:3B:24,da2c6c1a-c379-3ccb-8392-3a816b474af2,-84
1560508519562,EB:78:55:87:E9:E5,c697eede-6a0a-3d21-8936-3a7f86a830ee,-84
1560508519859,E8:97:A0:6C:3B:24,3af9ac1c-c3a5-36f7-a737-4868789e2832,-72
1560508520210,D7:85:88:F5:88:4C,0e55db4e-b72e-3e9c-9468-d4ef44cb069c,-94
1560508520282,EB:78:55:87:E9:E5,0e55db4e-b72e-3e9c-9468-d4ef44cb069c,-86
1560508520726,C2:9B:38:AF:12:75,c697eede-6a0a-3d21-8936-3a7f86a830ee,-85
1560508521380,E8:97:A0:6C:3B:24,0e55db4e-b72e-3e9c-9468-d4ef44cb069c,-80
1560508522043,C2:9B:38:AF:12:75,c697eede-6a0a-3d21-8936-3a7f86a830ee,-80
1560508522386,C2:9B:38:AF:12:75,3af9ac1c-c3a5-36f7-a737-4868789e2832,-85
1560508522678,E8:97:A0:6C:3B:24,da2c6c1a-c379-3ccb-8392-3a816b474af2,-81
1560508522749,EB:78:55:87:E9:E5,3af9ac1c-c3a5-36f7-a737-4868789e2832,-84
1560508522822,C2:9B:38:AF:12:75,09b1e796-8c3b-3475-9e45-a8d31f93649b,-74
1560508522893,E8:97:A0:6C:3B:24,d3eedeb6-a50a-35bb-9a2c-d9626d3d4b3e,-75
1560508523121,EB:78:55:87:E9:E5,6090e946-3b7f-3f74-aeae-e7202f6c8d69,-90
1560508523631,EB:78:55:87:E9:E5,1201aae4-b97c-3ec7-8ad3-869e3a8a1d25,-86
1560508523704,C2:9B:38:AF:12:75,09b1e796-8c3b-3475-9e45-a8d31f93649b,-82
1560508523910,E8:97:A0:6C:3B:24,3af9ac1c-c3a5-36f7-a737-4868789e2832,-90
1560508524207,C2:9B:38:AF:12:75,2ab77db3-5669-3f2c-842a-760e4ae0ef4c,-94
1560508524498,EB:78:55:87:E9:E5,1201aae4-b97c-3ec7-8ad3-869e3a8a1d25,-86
1560508524631,EB:78:55:87:E9:E5,6090e946-3b7f-3f74-aeae-e7202f6c8d69,-92
1560508525066,EB:78:55:87:E9:E5,0e55db4e-b72e-3e9c-9468-d4ef44cb069c,-87
1560508525133,E8:97:A0:6C:3B:24,5cc80f56-5657-302f-80a2-769e378f37f2,-90
1560508525283,E8:97:A0:6C:3B:24,c697eede-6a0a-3d21-8936-3a7f86a830ee,-84
1560508525358,EB:78:55:87:E9:E5,1201aae4-b97c-3ec7-8ad3-869e3a8a1d25,-86
1560508525513,D7:85:88:F5:88:4C,3af9ac1c-c3a5-36f7-a737-4868789e2832,-94
1560508525578,EB:78:55:87:E9:E5,1201aae4-b97c-3ec7-8ad3-869e3a8a1d25,-86
1560508525649,EB:78:55:87:E9:E5,6090e946-3b7f-3f74-aeae-e7202f6c8d69,-88
1560508525799,EB:78:55:87:E9:E5,1201aae4-b97c-3ec7-8ad3-869e3a8a1d25,-86
1560508526372,EB:78:55:87:E9:E5,1201aae4-b97c-3ec7-8ad3-869e3a8a1d25,-86
1560508526455,EB:78:55:87:E9:E5,09b1e796-8c3b-3475-9e45-a8d31f93649b,-70
1560508526963,EB:78:55:87:E9:E5,0e55db4e-b72e-3e9c-9468-d4ef44cb069c,-85
1560508527107,EB:78:55:87:E9:E5,1201aae4-b97c-3ec7-8ad3-869e3a8a1d25,-85
1560508527324,EB:78:55:87:E9:E5,c697eede-6a0a-3d21-8936-3a7f86a830ee,-75
1560508527681,E8:97:A0:6C:3B:24,0e55db4e-b72e-3e9c-9468-d4ef44cb069c,-86
1560508527681,EB:78:55:87:E9:E5,6090e946-3b7f-3f74-aeae-e7202f6c8d69,-90
1560508527908,EB:78:55:87:E9:E5,6090e946-3b7f-3f74-aeae-e7202f6c8d69,-92
1560508527908,E8:97:A0:6C:3B:24,3af9ac1c-c3a5-36f7-a737-4868789e2832,-68
1560508527987,EB:78:55:87:E9:E5,c697eede-6a0a-3d21-8936-3a7f86a830ee,-88
1560508528279,E8:97:A0:6C:3B:24,da2c6c1a-c379-3ccb-8392-3a816b474af2,-90
1560508528279,EB:78:55:87:E9:E5,09b1e796-8c3b-3475-9e45-a8d31f93649b,-81
1560508528714,C2:9B:38:AF:12:75,3af9ac1c-c3a5-36f7-a737-4868789e2832,-82
1560508529087,E8:97:A0:6C:3B:24,da2c6c1a-c379-3ccb-8392-3a816b474af2,-81
1560508529295,C2:9B:38:AF:12:75,0e55db4e-b72e-3e9c-9468-d4ef44cb069c,-86
1560508529369,C2:9B:38:AF:12:75,09b1e796-8c3b-3475-9e45-a8d31f93649b,-83
1560508529441,E8:97:A0:6C:3B:24,0e55db4e-b72e-3e9c-9468-d4ef44cb069c,-77
1560508530387,C2:9B:38:AF:12:75,3af9ac1c-c3a5-36f7-a737-4868789e2832,-85
1560508530526,E8:97:A0:6C:3B:24,c697eede-6a0a-3d21-8936-3a7f86a830ee,-74
1560508531195,E8:97:A0:6C:3B:24,0e55db4e-b72e-3e9c-9468-d4ef44cb069c,-83
1560508531259,EB:78:55:87:E9:E5,c697eede-6a0a-3d21-8936-3a7f86a830ee,-88
1560508532262,C2:9B:38:AF:12:75,f9c1476f-1603-397a-a451-2a30c91dbe5c,-100
1560508533133,E8:97:A0:6C:3B:24,c697eede-6a0a-3d21-8936-3a7f86a830ee,-74
1560508533206,EB:78:55:87:E9:E5,c697eede-6a0a-3d21-8936-3a7f86a830ee,-91
1560508533567,C2:9B:38:AF:12:75,2ab77db3-5669-3f2c-842a-760e4ae0ef4c,-90
1560508533858,E8:97:A0:6C:3B:24,da2c6c1a-c379-3ccb-8392-3a816b474af2,-82
1560508533997,C2:9B:38:AF:12:75,09b1e796-8c3b-3475-9e45-a8d31f93649b,-84
1560508534078,C2:9B:38:AF:12:75,2ab77db3-5669-3f2c-842a-760e4ae0ef4c,-94
1560508534299,E8:97:A0:6C:3B:24,3af9ac1c-c3a5-36f7-a737-4868789e2832,-65
1560508534309,C2:9B:38:AF:12:75,c697eede-6a0a-3d21-8936-3a7f86a830ee,-79
1560508534659,E8:97:A0:6C:3B:24,da2c6c1a-c379-3ccb-8392-3a816b474af2,-86
1560508535108,E8:97:A0:6C:3B:24,3af9ac1c-c3a5-36f7-a737-4868789e2832,-88
1560508535109,C2:9B:38:AF:12:75,3af9ac1c-c3a5-36f7-a737-4868789e2832,-90
1560508535692,E8:97:A0:6C:3B:24,c697eede-6a0a-3d21-8936-3a7f86a830ee,-73
1560508535756,EB:78:55:87:E9:E5,c697eede-6a0a-3d21-8936-3a7f86a830ee,-94
1560508535888,C2:9B:38:AF:12:75,0e55db4e-b72e-3e9c-9468-d4ef44cb069c,-86
1560508535975,C2:9B:38:AF:12:75,09b1e796-8c3b-3475-9e45-a8d31f93649b,-80
1560508536050,DA:B5:6B:DD:72:60,09b1e796-8c3b-3475-9e45-a8d31f93649b,-94
1560508536050,D7:85:88:F5:88:4C,d3eedeb6-a50a-35bb-9a2c-d9626d3d4b3e,-92
1560508536330,C2:9B:38:AF:12:75,2ab77db3-5669-3f2c-842a-760e4ae0ef4c,-91
1560508537099,E8:97:A0:6C:3B:24,da2c6c1a-c379-3ccb-8392-3a816b474af2,-81
1560508538151,C2:9B:38:AF:12:75,c697eede-6a0a-3d21-8936-3a7f86a830ee,-79
1560508538226,C2:9B:38:AF:12:75,3af9ac1c-c3a5-36f7-a737-4868789e2832,-85
1560508538646,E8:97:A0:6C:3B:24,da2c6c1a-c379-3ccb-8392-3a816b474af2,-78
1560508538718,EB:78:55:87:E9:E5,0e55db4e-b72e-3e9c-9468-d4ef44cb069c,-87
1560508538787,C2:9B:38:AF:12:75,c697eede-6a0a-3d21-8936-3a7f86a830ee,-83
1560508539014,E8:97:A0:6C:3B:24,d3eedeb6-a50a-35bb-9a2c-d9626d3d4b3e,-63
1560508539015,C2:9B:38:AF:12:75,3af9ac1c-c3a5-36f7-a737-4868789e2832,-80
1560508539154,C2:9B:38:AF:12:75,f9c1476f-1603-397a-a451-2a30c91dbe5c,-92
1560508539231,E8:97:A0:6C:3B:24,0e55db4e-b72e-3e9c-9468-d4ef44cb069c,-74
1560508539233,D7:85:88:F5:88:4C,0e55db4e-b72e-3e9c-9468-d4ef44cb069c,-89
1560508539456,E8:97:A0:6C:3B:24,da2c6c1a-c379-3ccb-8392-3a816b474af2,-83
1560508539960,E8:97:A0:6C:3B:24,d3eedeb6-a50a-35bb-9a2c-d9626d3d4b3e,-61
1560508540026,D7:85:88:F5:88:4C,c697eede-6a0a-3d21-8936-3a7f86a830ee,-94
1560508540620,E8:97:A0:6C:3B:24,0e55db4e-b72e-3e9c-9468-d4ef44cb069c,-71
1560508540764,C2:9B:38:AF:12:75,c697eede-6a0a-3d21-8936-3a7f86a830ee,-92
1560508540981,E8:97:A0:6C:3B:24,0e55db4e-b72e-3e9c-9468-d4ef44cb069c,-67
1560508541560,C2:9B:38:AF:12:75,09b1e796-8c3b-3475-9e45-a8d31f93649b,-86
1560508542576,EB:78:55:87:E9:E5,3af9ac1c-c3a5-36f7-a737-4868789e2832,-91
1560508542721,E8:97:A0:6C:3B:24,0e55db4e-b72e-3e9c-9468-d4ef44cb069c,-59
1560508542938,D7:85:88:F5:88:4C,3af9ac1c-c3a5-36f7-a737-4868789e2832,-86
1560508543377,D7:85:88:F5:88:4C,0e55db4e-b72e-3e9c-9468-d4ef44cb069c,-92
1560508543738,E8:97:A0:6C:3B:24,d3eedeb6-a50a-35bb-9a2c-d9626d3d4b3e,-68
1560508544233,E8:97:A0:6C:3B:24,da2c6c1a-c379-3ccb-8392-3a816b474af2,-81
1560508544870,E8:97:A0:6C:3B:24,c697eede-6a0a-3d21-8936-3a7f86a830ee,-86
1560508545516,E8:97:A0:6C:3B:24,c697eede-6a0a-3d21-8936-3a7f86a830ee,-75
1560508545730,EB:78:55:87:E9:E5,3af9ac1c-c3a5-36f7-a737-4868789e2832,-90
1560508546159,E8:97:A0:6C:3B:24,c697eede-6a0a-3d21-8936-3a7f86a830ee,-72
1560508546178,EB:78:55:87:E9:E5,09b1e796-8c3b-3475-9e45-a8d31f93649b,-88
1560508546179,D7:85:88:F5:88:4C,0e55db4e-b72e-3e9c-9468-d4ef44cb069c,-87
1560508546237,E8:97:A0:6C:3B:24,0e55db4e-b72e-3e9c-9468-d4ef44cb069c,-84
1560508546805,E8:97:A0:6C:3B:24,c697eede-6a0a-3d21-8936-3a7f86a830ee,-90
1560508546878,D7:85:88:F5:88:4C,0e55db4e-b72e-3e9c-9468-d4ef44cb069c,-86
1560508547241,D7:85:88:F5:88:4C,0e55db4e-b72e-3e9c-9468-d4ef44cb069c,-89
1560508547242,C2:9B:38:AF:12:75,c697eede-6a0a-3d21-8936-3a7f86a830ee,-96
1560508547455,E8:97:A0:6C:3B:24,5cc80f56-5657-302f-80a2-769e378f37f2,-85
1560508547528,D7:85:88:F5:88:4C,66bd8860-6e87-3544-b022-1abaf04ce4ca,-93
1560508547528,E8:97:A0:6C:3B:24,d3eedeb6-a50a-35bb-9a2c-d9626d3d4b3e,-74
1560508547818,D7:85:88:F5:88:4C,c697eede-6a0a-3d21-8936-3a7f86a830ee,-91
1560508547885,D7:85:88:F5:88:4C,0e55db4e-b72e-3e9c-9468-d4ef44cb069c,-86
1560508548102,E8:97:A0:6C:3B:24,c697eede-6a0a-3d21-8936-3a7f86a830ee,-73
1560508548314,D7:85:88:F5:88:4C,66bd8860-6e87-3544-b022-1abaf04ce4ca,-95
1560508548467,E8:97:A0:6C:3B:24,d3eedeb6-a50a-35bb-9a2c-d9626d3d4b3e,-77
1560508548673,E8:97:A0:6C:3B:24,3af9ac1c-c3a5-36f7-a737-4868789e2832,-83
1560508548970,D7:85:88:F5:88:4C,66bd8860-6e87-3544-b022-1abaf04ce4ca,-92
1560508549117,D7:85:88:F5:88:4C,c697eede-6a0a-3d21-8936-3a7f86a830ee,-80
1560508549264,D7:85:88:F5:88:4C,c77e7cf1-12bc-36be-9270-c8d56e131eac,-86
1560508549410,D7:85:88:F5:88:4C,66bd8860-6e87-3544-b022-1abaf04ce4ca,-88
1560508549411,E8:97:A0:6C:3B:24,d3eedeb6-a50a-35bb-9a2c-d9626d3d4b3e,-73
1560508549486,D7:85:88:F5:88:4C,66bd8860-6e87-3544-b022-1abaf04ce4ca,-86
1560508549633,D7:85:88:F5:88:4C,0e55db4e-b72e-3e9c-9468-d4ef44cb069c,-84
1560508549703,D7:85:88:F5:88:4C,66bd8860-6e87-3544-b022-1abaf04ce4ca,-84
1560508549841,E8:97:A0:6C:3B:24,5cc80f56-5657-302f-80a2-769e378f37f2,-91
1560508549916,E5:53:1E:24:96:2F,3af9ac1c-c3a5-36f7-a737-4868789e2832,-82
1560508549916,D7:85:88:F5:88:4C,66bd8860-6e87-3544-b022-1abaf04ce4ca,-87
1560508549990,D7:85:88:F5:88:4C,0e55db4e-b72e-3e9c-9468-d4ef44cb069c,-83
1560508550719,D7:85:88:F5:88:4C,66bd8860-6e87-3544-b022-1abaf04ce4ca,-84
1560508550720,E8:97:A0:6C:3B:24,c697eede-6a0a-3d21-8936-3a7f86a830ee,-88
1560508550785,D7:85:88:F5:88:4C,c77e7cf1-12bc-36be-9270-c8d56e131eac,-96
1560508551080,D7:85:88:F5:88:4C,c77e7cf1-12bc-36be-9270-c8d56e131eac,-82
1560508551359,D7:85:88:F5:88:4C,66bd8860-6e87-3544-b022-1abaf04ce4ca,-87
1560508551359,E8:97:A0:6C:3B:24,c697eede-6a0a-3d21-8936-3a7f86a830ee,-82
1560508552014,D7:85:88:F5:88:4C,66bd8860-6e87-3544-b022-1abaf04ce4ca,-79
1560508552238,D7:85:88:F5:88:4C,66bd8860-6e87-3544-b022-1abaf04ce4ca,-83
1560508552383,D7:85:88:F5:88:4C,c697eede-6a0a-3d21-8936-3a7f86a830ee,-78
1560508552457,D7:85:88:F5:88:4C,66bd8860-6e87-3544-b022-1abaf04ce4ca,-77
1560508552972,D7:85:88:F5:88:4C,d3eedeb6-a50a-35bb-9a2c-d9626d3d4b3e,-60
1560508553254,D7:85:88:F5:88:4C,3af9ac1c-c3a5-36f7-a737-4868789e2832,-66
1560508553469,D7:85:88:F5:88:4C,0e55db4e-b72e-3e9c-9468-d4ef44cb069c,-84
1560508553540,D7:85:88:F5:88:4C,c77e7cf1-12bc-36be-9270-c8d56e131eac,-77
1560508553683,D7:85:88:F5:88:4C,66bd8860-6e87-3544-b022-1abaf04ce4ca,-91
1560508554043,D7:85:88:F5:88:4C,3af9ac1c-c3a5-36f7-a737-4868789e2832,-64
1560508554250,E8:97:A0:6C:3B:24,3af9ac1c-c3a5-36f7-a737-4868789e2832,-86
1560508554326,D7:85:88:F5:88:4C,c77e7cf1-12bc-36be-9270-c8d56e131eac,-71
1560508554529,D7:85:88:F5:88:4C,66bd8860-6e87-3544-b022-1abaf04ce4ca,-79
1560508554685,E8:97:A0:6C:3B:24,c697eede-6a0a-3d21-8936-3a7f86a830ee,-88
1560508554897,D7:85:88:F5:88:4C,0e55db4e-b72e-3e9c-9468-d4ef44cb069c,-72
1560508554972,D7:85:88:F5:88:4C,d3eedeb6-a50a-35bb-9a2c-d9626d3d4b3e,-61
1560508555120,D7:85:88:F5:88:4C,66bd8860-6e87-3544-b022-1abaf04ce4ca,-76
1560508555342,E8:97:A0:6C:3B:24,0e55db4e-b72e-3e9c-9468-d4ef44cb069c,-86
1560508555557,D7:85:88:F5:88:4C,0e55db4e-b72e-3e9c-9468-d4ef44cb069c,-68
1560508555849,E8:97:A0:6C:3B:24,3af9ac1c-c3a5-36f7-a737-4868789e2832,-76
1560508556067,E8:97:A0:6C:3B:24,d3eedeb6-a50a-35bb-9a2c-d9626d3d4b3e,-72
1560508556219,D7:85:88:F5:88:4C,0e55db4e-b72e-3e9c-9468-d4ef44cb069c,-71
1560508556430,D7:85:88:F5:88:4C,3af9ac1c-c3a5-36f7-a737-4868789e2832,-63
1560508556505,D7:85:88:F5:88:4C,66bd8860-6e87-3544-b022-1abaf04ce4ca,-77
1560508556573,D7:85:88:F5:88:4C,c77e7cf1-12bc-36be-9270-c8d56e131eac,-80
1560508556647,D7:85:88:F5:88:4C,66bd8860-6e87-3544-b022-1abaf04ce4ca,-79
1560508556670,E8:97:A0:6C:3B:24,3af9ac1c-c3a5-36f7-a737-4868789e2832,-81
1560508556721,D7:85:88:F5:88:4C,d3eedeb6-a50a-35bb-9a2c-d9626d3d4b3e,-56
1560508556722,E8:97:A0:6C:3B:24,0e55db4e-b72e-3e9c-9468-d4ef44cb069c,-83
1560508556867,D7:85:88:F5:88:4C,66bd8860-6e87-3544-b022-1abaf04ce4ca,-77
1560508557084,E8:97:A0:6C:3B:24,d3eedeb6-a50a-35bb-9a2c-d9626d3d4b3e,-74
1560508557227,D7:85:88:F5:88:4C,3af9ac1c-c3a5-36f7-a737-4868789e2832,-63
1560508557586,D7:85:88:F5:88:4C,c77e7cf1-12bc-36be-9270-c8d56e131eac,-69
1560508557657,D7:85:88:F5:88:4C,0e55db4e-b72e-3e9c-9468-d4ef44cb069c,-72
1560508557730,D7:85:88:F5:88:4C,66bd8860-6e87-3544-b022-1abaf04ce4ca,-70
1560508557875,D7:85:88:F5:88:4C,c77e7cf1-12bc-36be-9270-c8d56e131eac,-73
1560508557946,D7:85:88:F5:88:4C,66bd8860-6e87-3544-b022-1abaf04ce4ca,-70
1560508558091,D7:85:88:F5:88:4C,c77e7cf1-12bc-36be-9270-c8d56e131eac,-62
1560508558168,D7:85:88:F5:88:4C,66bd8860-6e87-3544-b022-1abaf04ce4ca,-73
1560508558379,D7:85:88:F5:88:4C,66bd8860-6e87-3544-b022-1abaf04ce4ca,-82
1560508558594,D7:85:88:F5:88:4C,c77e7cf1-12bc-36be-9270-c8d56e131eac,-77
1560508558743,D7:85:88:F5:88:4C,66bd8860-6e87-3544-b022-1abaf04ce4ca,-69
1560508558890,D7:85:88:F5:88:4C,c697eede-6a0a-3d21-8936-3a7f86a830ee,-54
1560508559179,E8:97:A0:6C:3B:24,0e55db4e-b72e-3e9c-9468-d4ef44cb069c,-95
1560508559254,D7:85:88:F5:88:4C,66bd8860-6e87-3544-b022-1abaf04ce4ca,-80
1560508559469,D7:85:88:F5:88:4C,c697eede-6a0a-3d21-8936-3a7f86a830ee,-68
1560508559544,D7:85:88:F5:88:4C,d3eedeb6-a50a-35bb-9a2c-d9626d3d4b3e,-58
1560508560355,D7:85:88:F5:88:4C,c77e7cf1-12bc-36be-9270-c8d56e131eac,-74
1560508560429,D7:85:88:F5:88:4C,3af9ac1c-c3a5-36f7-a737-4868789e2832,-56
1560508560498,D7:85:88:F5:88:4C,66bd8860-6e87-3544-b022-1abaf04ce4ca,-74
1560508561010,D7:85:88:F5:88:4C,66bd8860-6e87-3544-b022-1abaf04ce4ca,-83
1560508561083,D7:85:88:F5:88:4C,0e55db4e-b72e-3e9c-9468-d4ef44cb069c,-66
1560508561385,D7:85:88:F5:88:4C,c77e7cf1-12bc-36be-9270-c8d56e131eac,-70
1560508561452,D7:85:88:F5:88:4C,d3eedeb6-a50a-35bb-9a2c-d9626d3d4b3e,-63
1560508561670,D7:85:88:F5:88:4C,66bd8860-6e87-3544-b022-1abaf04ce4ca,-78
1560508561820,D7:85:88:F5:88:4C,66bd8860-6e87-3544-b022-1abaf04ce4ca,-70
1560508561967,D7:85:88:F5:88:4C,3af9ac1c-c3a5-36f7-a737-4868789e2832,-63
1560508562116,D7:85:88:F5:88:4C,66bd8860-6e87-3544-b022-1abaf04ce4ca,-84
1560508562187,D7:85:88:F5:88:4C,0e55db4e-b72e-3e9c-9468-d4ef44cb069c,-73
1560508562405,D7:85:88:F5:88:4C,c77e7cf1-12bc-36be-9270-c8d56e131eac,-74
1560508562706,D7:85:88:F5:88:4C,c697eede-6a0a-3d21-8936-3a7f86a830ee,-73
1560508562842,D7:85:88:F5:88:4C,66bd8860-6e87-3544-b022-1abaf04ce4ca,-90
1560508563852,D7:85:88:F5:88:4C,0e55db4e-b72e-3e9c-9468-d4ef44cb069c,-77
1560508563926,D7:85:88:F5:88:4C,c77e7cf1-12bc-36be-9270-c8d56e131eac,-80
1560508564350,D7:85:88:F5:88:4C,3af9ac1c-c3a5-36f7-a737-4868789e2832,-65
1560508564567,D7:85:88:F5:88:4C,0e55db4e-b72e-3e9c-9468-d4ef44cb069c,-79
1560508564640,D7:85:88:F5:88:4C,66bd8860-6e87-3544-b022-1abaf04ce4ca,-76
1560508565297,D7:85:88:F5:88:4C,0e55db4e-b72e-3e9c-9468-d4ef44cb069c,-80
1560508565371,D7:85:88:F5:88:4C,c697eede-6a0a-3d21-8936-3a7f86a830ee,-69
1560508565442,D7:85:88:F5:88:4C,66bd8860-6e87-3544-b022-1abaf04ce4ca,-84
1560508565599,D7:85:88:F5:88:4C,0e55db4e-b72e-3e9c-9468-d4ef44cb069c,-67
