time,lat,lon,C2:9B:38:AF:12:75/09b1e796-8c3b-3475-9e45-a8d31f93649b,C2:9B:38:AF:12:75/0e55db4e-b72e-3e9c-9468-d4ef44cb069c,C2:9B:38:AF:12:75/2ab77db3-5669-3f2c-842a-760e4ae0ef4c,C2:9B:38:AF:12:75/3af9ac1c-c3a5-36f7-a737-4868789e2832,C2:9B:38:AF:12:75/c697eede-6a0a-3d21-8936-3a7f86a830ee,C2:9B:38:AF:12:75/f9c1476f-1603-397a-a451-2a30c91dbe5c,D7:85:88:F5:88:4C/0e55db4e-b72e-3e9c-9468-d4ef44cb069c,D7:85:88:F5:88:4C/3af9ac1c-c3a5-36f7-a737-4868789e2832,D7:85:88:F5:88:4C/66bd8860-6e87-3544-b022-1abaf04ce4ca,D7:85:88:F5:88:4C/c697eede-6a0a-3d21-8936-3a7f86a830ee,D7:85:88:F5:88:4C/c77e7cf1-12bc-36be-9270-c8d56e131eac,D7:85:88:F5:88:4C/d3eedeb6-a50a-35bb-9a2c-d9626d3d4b3e,DA:B5:6B:DD:72:60/09b1e796-8c3b-3475-9e45-a8d31f93649b,DA:B5:6B:DD:72:60/0e55db4e-b72e-3e9c-9468-d4ef44cb069c,DA:B5:6B:DD:72:60/3af9ac1c-c3a5-36f7-a737-4868789e2832,DA:B5:6B:DD:72:60/4552091f-a928-358f-8ae8-be7f9b8d89fe,DA:B5:6B:DD:72:60/66bd8860-6e87-3544-b022-1abaf04ce4ca,DA:B5:6B:DD:72:60/c697eede-6a0a-3d21-8936-3a7f86a830ee,E5:53:1E:24:96:2F/09b1e796-8c3b-3475-9e45-a8d31f93649b,E5:53:1E:24:96:2F/0e55db4e-b72e-3e9c-9468-d4ef44cb069c,E5:53:1E:24:96:2F/18eb2042-91cf-38e6-b280-8bef570522d7,E5:53:1E:24:96:2F/3af9ac1c-c3a5-36f7-a737-4868789e2832,E5:53:1E:24:96:2F/a3ad12b7-06e9-31be-bcc9-4cd0249b5562,E5:53:1E:24:96:2F/c697eede-6a0a-3d21-8936-3a7f86a830ee,E8:97:A0:6C:3B:24/0e55db4e-b72e-3e9c-9468-d4ef44cb069c,E8:97:A0:6C:3B:24/3af9ac1c-c3a5-36f7-a737-4868789e2832,E8:97:A0:6C:3B:24/5cc80f56-5657-302f-80a2-769e378f37f2,E8:97:A0:6C:3B:24/c697eede-6a0a-3d21-8936-3a7f86a830ee,E8:97:A0:6C:3B:24/d3eedeb6-a50a-35bb-9a2c-d9626d3d4b3e,E8:97:A0:6C:3B:24/da2c6c1a-c379-3ccb-8392-3a816b474af2,EB:78:55:87:E9:E5/09b1e796-8c3b-3475-9e45-a8d31f93649b,EB:78:55:87:E9:E5/0e55db4e-b72e-3e9c-9468-d4ef44cb069c,EB:78:55:87:E9:E5/1201aae4-b97c-3ec7-8ad3-869e3a8a1d25,EB:78:55:87:E9:E5/3af9ac1c-c3a5-36f7-a737-4868789e2832,EB:78:55:87:E9:E5/6090e946-3b7f-3f74-aeae-e7202f6c8d69,EB:78:55:87:E9:E5/c697eede-6a0a-3d21-8936-3a7f86a830ee
1560508242000.0,54.729792659901406,25.262756620483206,0.0,0.0,0.0,0.0,0.0,0.0,0.0,-70.0,-80.75,-73.0,0.0,-60.0,0.0,0.0,0.0,0.0,0.0,0.0,0.0,0.0,0.0,0.0,0.0,0.0,0.0,0.0,0.0,0.0,0.0,0.0,0.0,0.0,0.0,0.0,0.0,0.0
1560508243000.0,54.729792085592415,25.262756869130587,0.0,0.0,0.0,0.0,0.0,0.0,-76.0,-70.0,-80.625,-73.0,-78.5,-60.0,0.0,0.0,0.0,0.0,0.0,0.0,0.0,0.0,0.0,0.0,0.0,0.0,0.0,0.0,0.0,0.0,0.0,0.0,0.0,0.0,0.0,0.0,0.0,0.0
1560508244000.0,54.729791511283416,25.262757117777966,0.0,0.0,0.0,0.0,0.0,0.0,-74.25,-70.0,-78.75,-73.0,-78.0,-62.0,0.0,0.0,0.0,0.0,0.0,0.0,0.0,0.0,0.0,0.0,0.0,0.0,0.0,0.0,0.0,0.0,0.0,0.0,0.0,0.0,0.0,0.0,0.0,0.0
1560508245000.0,54.729790936974425,25.262757366425344,0.0,0.0,0.0,0.0,0.0,0.0,-74.25,0.0,-79.5,0.0,-78.0,-58.5,0.0,0.0,0.0,0.0,0.0,0.0,0.0,0.0,0.0,0.0,0.0,0.0,0.0,0.0,0.0,0.0,0.0,0.0,0.0,0.0,0.0,0.0,0.0,0.0
1560508246000.0,54.72979036266543,25.262757615072722,0.0,0.0,0.0,0.0,0.0,0.0,-72.0,-59.0,-79.1,-62.0,-76.33333333333333,-58.5,0.0,0.0,0.0,0.0,0.0,0.0,0.0,0.0,0.0,0.0,0.0,0.0,0.0,0.0,0.0,0.0,-89.0,0.0,0.0,0.0,0.0,0.0,0.0,0.0
1560508247000.0,54.72979229893144,25.262762436904932,0.0,0.0,0.0,0.0,0.0,0.0,-77.5,-59.0,-81.11111111111111,-62.0,-77.0,-53.0,0.0,0.0,0.0,0.0,0.0,0.0,0.0,0.0,0.0,0.0,0.0,0.0,0.0,0.0,0.0,0.0,-89.0,0.0,0.0,0.0,0.0,0.0,0.0,0.0
1560508248000.0,54.72979793891702,25.26277400531675,0.0,0.0,0.0,0.0,0.0,0.0,-73.33333333333333,-59.0,-80.125,-62.0,-77.6,-61.0,0.0,0.0,0.0,0.0,0.0,0.0,0.0,0.0,0.0,0.0,0.0,0.0,0.0,0.0,0.0,0.0,-89.0,0.0,0.0,0.0,0.0,0.0,0.0,0.0
1560508249000.0,54.72980357890258,25.262785573728564,0.0,0.0,0.0,0.0,0.0,0.0,-75.75,-67.0,-81.5,-58.0,-75.71428571428571,-61.0,0.0,0.0,0.0,0.0,0.0,0.0,0.0,0.0,0.0,0.0,0.0,0.0,0.0,0.0,0.0,0.0,0.0,0.0,0.0,0.0,0.0,0.0,0.0,0.0
1560508250000.0,54.72980921888816,25.262797142140382,0.0,0.0,0.0,0.0,0.0,0.0,-71.75,-63.5,-81.5,-62.5,-76.0,-61.0,0.0,0.0,0.0,0.0,0.0,0.0,0.0,0.0,0.0,0.0,0.0,0.0,0.0,0.0,0.0,0.0,0.0,0.0,0.0,0.0,0.0,0.0,0.0,0.0
1560508251000.0,54.72981485887372,25.262808710552196,0.0,0.0,0.0,0.0,0.0,0.0,-75.5,-63.666666666666664,-80.0,-62.5,-79.33333333333333,0.0,0.0,0.0,0.0,0.0,0.0,0.0,0.0,0.0,0.0,0.0,0.0,0.0,0.0,-84.0,0.0,-94.0,-90.0,0.0,0.0,0.0,0.0,0.0,0.0,0.0
1560508252000.0,54.72981751219584,25.26281375437975,0.0,0.0,0.0,0.0,0.0,0.0,-74.0,-62.0,-79.5,-69.5,-86.66666666666667,-65.0,0.0,0.0,0.0,0.0,0.0,0.0,0.0,0.0,0.0,0.0,0.0,0.0,0.0,-87.0,0.0,-94.0,-90.5,0.0,0.0,0.0,0.0,0.0,0.0,0.0
1560508253000.0,54.729817856678814,25.26281375437975,0.0,0.0,0.0,0.0,0.0,0.0,-78.66666666666667,-61.5,-80.8,-68.5,-89.0,-65.0,0.0,0.0,0.0,0.0,0.0,0.0,0.0,0.0,0.0,0.0,0.0,0.0,0.0,-87.0,0.0,-94.0,-90.5,0.0,0.0,0.0,0.0,0.0,0.0,0.0
1560508254000.0,54.7298182011618,25.26281375437975,0.0,0.0,0.0,0.0,0.0,0.0,-78.0,-60.5,-81.25,-68.5,-82.5,-65.0,0.0,0.0,0.0,0.0,0.0,0.0,0.0,0.0,0.0,0.0,0.0,0.0,0.0,-90.0,0.0,0.0,-91.0,0.0,0.0,0.0,0.0,0.0,0.0,0.0
1560508255000.0,54.729818545644775,25.26281375437975,0.0,0.0,0.0,0.0,0.0,0.0,-82.0,-60.5,-81.33333333333333,-65.0,-81.33333333333333,0.0,0.0,0.0,0.0,0.0,0.0,0.0,0.0,0.0,0.0,0.0,0.0,0.0,0.0,-88.0,0.0,0.0,0.0,0.0,0.0,0.0,0.0,0.0,0.0,0.0
1560508256000.0,54.72981642686012,25.262807599970802,0.0,0.0,0.0,0.0,0.0,0.0,-82.0,-62.0,-80.0,0.0,-81.33333333333333,0.0,0.0,0.0,0.0,0.0,0.0,0.0,0.0,0.0,0.0,0.0,0.0,0.0,0.0,-88.0,0.0,0.0,0.0,0.0,0.0,0.0,0.0,0.0,0.0,0.0
1560508257000.0,54.72981286139446,25.26279783106771,0.0,0.0,0.0,0.0,0.0,0.0,-82.0,-67.0,-80.5,0.0,-79.0,-66.0,0.0,0.0,0.0,0.0,0.0,0.0,0.0,0.0,0.0,0.0,0.0,0.0,0.0,-88.0,0.0,-89.0,0.0,0.0,0.0,0.0,0.0,0.0,0.0,0.0
1560508258000.0,54.729809295928796,25.262788062164617,0.0,0.0,0.0,0.0,0.0,0.0,-67.0,-67.0,-80.0,0.0,-79.0,-66.0,0.0,0.0,0.0,0.0,0.0,0.0,0.0,0.0,0.0,0.0,0.0,0.0,0.0,0.0,0.0,-92.0,-92.0,0.0,0.0,0.0,0.0,0.0,0.0,0.0
1560508259000.0,54.729805730463134,25.262778293261526,0.0,0.0,0.0,0.0,0.0,0.0,-66.33333333333333,-61.5,-80.2,0.0,-77.0,-66.0,0.0,0.0,0.0,0.0,0.0,0.0,0.0,0.0,0.0,0.0,0.0,0.0,0.0,0.0,0.0,-92.0,-92.0,0.0,0.0,0.0,0.0,0.0,0.0,0.0
1560508260000.0,54.72980598617823,25.26277829715123,0.0,0.0,0.0,0.0,0.0,0.0,-68.0,-56.0,-79.25,-69.0,-74.33333333333333,0.0,0.0,0.0,0.0,0.0,0.0,0.0,0.0,0.0,0.0,0.0,0.0,0.0,0.0,0.0,0.0,-95.0,-92.0,0.0,0.0,0.0,0.0,0.0,0.0,0.0
1560508261000.0,54.7298062727093,25.262778379853778,0.0,0.0,0.0,0.0,0.0,0.0,-68.33333333333333,-60.0,-78.33333333333333,-67.5,-74.75,-54.0,0.0,0.0,0.0,0.0,0.0,0.0,0.0,0.0,0.0,0.0,0.0,0.0,0.0,0.0,0.0,0.0,0.0,0.0,0.0,0.0,0.0,0.0,0.0,0.0
1560508262000.0,54.72980655924036,25.262778462556323,0.0,0.0,0.0,0.0,0.0,0.0,-73.0,-64.0,-78.57142857142857,-67.5,-74.66666666666667,-54.0,0.0,0.0,0.0,0.0,0.0,0.0,0.0,0.0,0.0,0.0,0.0,0.0,0.0,0.0,0.0,0.0,0.0,0.0,0.0,0.0,0.0,0.0,0.0,0.0
1560508263000.0,54.72980684577143,25.262778545258872,0.0,0.0,0.0,0.0,0.0,0.0,-69.0,-64.0,-77.66666666666667,-66.0,-74.0,-55.0,0.0,0.0,0.0,0.0,0.0,0.0,0.0,0.0,0.0,0.0,0.0,0.0,0.0,0.0,0.0,0.0,0.0,0.0,0.0,0.0,0.0,0.0,0.0,0.0
1560508264000.0,54.729812707386394,25.26276852457147,0.0,0.0,0.0,0.0,0.0,0.0,-69.33333333333333,0.0,-80.0,0.0,-77.0,-56.0,0.0,0.0,0.0,0.0,0.0,0.0,0.0,0.0,0.0,0.0,0.0,0.0,0.0,0.0,0.0,0.0,0.0,0.0,0.0,0.0,0.0,0.0,0.0,0.0
1560508265000.0,54.7298189375037,25.26275783606938,0.0,0.0,0.0,0.0,0.0,0.0,-69.33333333333333,-59.0,-79.4,0.0,-77.0,-56.0,0.0,0.0,0.0,0.0,0.0,0.0,0.0,0.0,0.0,0.0,0.0,0.0,0.0,0.0,0.0,0.0,0.0,0.0,0.0,0.0,0.0,0.0,0.0,0.0
1560508266000.0,54.729825167621016,25.26274714756729,-96.0,0.0,0.0,0.0,0.0,0.0,-68.66666666666667,-58.0,-78.71428571428571,0.0,-80.0,0.0,0.0,0.0,0.0,0.0,0.0,0.0,0.0,0.0,0.0,0.0,0.0,0.0,0.0,0.0,0.0,0.0,0.0,0.0,0.0,0.0,0.0,0.0,0.0,0.0
1560508267000.0,54.729827548401815,25.26274316840596,-96.0,0.0,0.0,0.0,0.0,0.0,-67.0,-58.0,-74.5,0.0,-73.66666666666667,0.0,0.0,0.0,0.0,0.0,0.0,0.0,0.0,0.0,0.0,0.0,0.0,0.0,-92.0,0.0,0.0,-92.0,0.0,0.0,0.0,0.0,0.0,0.0,0.0,0.0
1560508268000.0,54.72982749901421,25.262743424994834,-96.0,0.0,0.0,0.0,0.0,0.0,-67.0,-57.0,-76.33333333333333,0.0,-74.75,0.0,0.0,0.0,0.0,0.0,0.0,0.0,0.0,0.0,0.0,0.0,0.0,0.0,-92.0,0.0,0.0,-87.5,0.0,0.0,0.0,0.0,0.0,0.0,0.0,0.0
1560508269000.0,54.72982744962661,25.262743681583707,0.0,0.0,0.0,0.0,0.0,0.0,-71.0,0.0,-74.6,0.0,-71.5,-50.0,0.0,0.0,0.0,0.0,0.0,0.0,0.0,0.0,0.0,0.0,0.0,0.0,-92.0,0.0,0.0,-87.5,0.0,0.0,0.0,0.0,0.0,0.0,0.0,0.0
1560508270000.0,54.72982740023901,25.26274393817258,0.0,0.0,0.0,0.0,0.0,0.0,-71.0,0.0,-81.16666666666667,0.0,-71.5,-52.5,0.0,0.0,0.0,0.0,0.0,0.0,0.0,0.0,0.0,0.0,0.0,0.0,0.0,0.0,0.0,-83.0,0.0,0.0,0.0,0.0,0.0,0.0,0.0,0.0
1560508271000.0,54.72983059397313,25.262747885867427,0.0,0.0,0.0,0.0,0.0,0.0,-75.0,0.0,-80.33333333333333,0.0,-65.0,-55.0,0.0,0.0,0.0,0.0,0.0,0.0,0.0,0.0,0.0,0.0,0.0,0.0,-87.0,0.0,0.0,0.0,0.0,0.0,0.0,0.0,0.0,0.0,0.0,0.0
1560508272000.0,54.729835224414856,25.26275346872755,0.0,0.0,0.0,0.0,0.0,0.0,-64.0,0.0,-79.85714285714286,0.0,-70.0,-57.5,0.0,0.0,0.0,0.0,0.0,0.0,0.0,0.0,0.0,0.0,0.0,0.0,-88.5,0.0,0.0,-84.0,0.0,0.0,0.0,0.0,0.0,0.0,0.0,0.0
1560508273000.0,54.729839854856586,25.26275905158767,0.0,0.0,0.0,0.0,0.0,0.0,-64.0,-62.0,-76.83333333333333,0.0,-70.5,-60.0,0.0,0.0,0.0,0.0,0.0,0.0,0.0,0.0,0.0,0.0,0.0,0.0,-89.66666666666667,0.0,0.0,-85.5,-88.0,0.0,0.0,0.0,0.0,0.0,0.0,0.0
1560508274000.0,54.72984273550705,25.262761421171444,0.0,0.0,0.0,0.0,0.0,0.0,-64.0,-67.0,-80.14285714285714,0.0,-70.5,0.0,0.0,0.0,0.0,0.0,0.0,0.0,0.0,0.0,0.0,0.0,0.0,0.0,-91.0,-86.0,0.0,-85.5,-88.0,0.0,0.0,0.0,0.0,0.0,0.0,0.0
1560508275000.0,54.72984287930451,25.26275876486145,0.0,0.0,0.0,0.0,0.0,0.0,-67.0,-67.0,-84.75,0.0,-73.0,-64.0,0.0,0.0,0.0,0.0,0.0,0.0,0.0,0.0,0.0,0.0,0.0,0.0,-92.0,-86.0,0.0,-87.0,-87.0,0.0,0.0,0.0,0.0,0.0,0.0,0.0
1560508276000.0,54.72984302310198,25.262756108551457,0.0,0.0,0.0,0.0,0.0,0.0,-67.0,-72.0,-89.0,0.0,-75.0,-64.0,0.0,0.0,0.0,0.0,0.0,0.0,0.0,0.0,0.0,0.0,0.0,0.0,0.0,-86.0,0.0,0.0,-86.0,0.0,0.0,0.0,0.0,0.0,0.0,0.0
1560508277000.0,54.72984316689944,25.262753452241466,0.0,0.0,0.0,0.0,0.0,0.0,-67.0,0.0,-75.0,0.0,-75.0,-64.0,0.0,0.0,0.0,0.0,0.0,0.0,0.0,0.0,0.0,0.0,0.0,0.0,-91.0,0.0,0.0,0.0,-86.0,0.0,0.0,0.0,0.0,0.0,0.0,0.0
1560508278000.0,54.72984326579547,25.26275933468442,-95.0,0.0,0.0,0.0,0.0,0.0,-72.0,0.0,-75.0,0.0,0.0,0.0,0.0,0.0,0.0,0.0,0.0,0.0,0.0,0.0,0.0,0.0,0.0,0.0,-91.0,0.0,0.0,0.0,0.0,-97.0,0.0,0.0,0.0,0.0,0.0,0.0
1560508279000.0,54.7298432816686,25.262781005305904,-95.0,0.0,0.0,0.0,0.0,0.0,-70.66666666666667,0.0,-77.6,0.0,-74.0,-53.0,0.0,0.0,0.0,0.0,0.0,0.0,0.0,0.0,0.0,0.0,0.0,0.0,-91.0,0.0,0.0,0.0,0.0,-97.0,0.0,0.0,0.0,0.0,0.0,0.0
1560508280000.0,54.729843297541734,25.262802675927386,-95.0,0.0,0.0,0.0,0.0,0.0,-71.5,-63.0,-79.33333333333333,0.0,-74.0,-54.0,0.0,0.0,0.0,0.0,0.0,0.0,0.0,0.0,0.0,0.0,0.0,0.0,0.0,0.0,0.0,0.0,0.0,-97.0,0.0,0.0,0.0,0.0,0.0,0.0
1560508281000.0,54.72984331341487,25.262824346548868,0.0,0.0,0.0,0.0,0.0,0.0,-71.0,-63.0,-81.5,0.0,-74.0,-54.0,0.0,0.0,0.0,0.0,0.0,0.0,0.0,0.0,0.0,0.0,0.0,0.0,0.0,0.0,0.0,0.0,0.0,0.0,0.0,0.0,0.0,0.0,0.0,0.0
1560508282000.0,54.729843329288,25.26284601717035,0.0,0.0,0.0,0.0,0.0,0.0,-74.0,-63.0,0.0,-67.0,0.0,-55.0,0.0,0.0,0.0,0.0,0.0,0.0,0.0,0.0,0.0,0.0,0.0,0.0,0.0,0.0,0.0,0.0,0.0,-94.0,0.0,0.0,0.0,0.0,0.0,0.0
1560508283000.0,54.729843345161136,25.262867687791832,0.0,0.0,0.0,0.0,0.0,0.0,0.0,-72.0,-86.0,-67.0,-90.0,-78.0,0.0,0.0,0.0,0.0,0.0,0.0,0.0,0.0,0.0,0.0,0.0,0.0,0.0,-84.0,-94.0,0.0,0.0,-94.0,0.0,0.0,0.0,0.0,0.0,0.0
1560508284000.0,54.72984336103427,25.262889358413315,0.0,0.0,0.0,0.0,0.0,0.0,-86.0,-78.5,-87.0,-74.0,-90.0,-78.0,0.0,0.0,0.0,0.0,0.0,0.0,0.0,0.0,0.0,0.0,0.0,0.0,0.0,-84.0,-94.0,0.0,0.0,-94.0,0.0,0.0,0.0,-98.0,0.0,0.0
1560508285000.0,54.729843376907404,25.262911029034797,0.0,0.0,0.0,0.0,0.0,0.0,-86.0,-78.5,-87.0,-81.0,-90.0,-78.0,0.0,0.0,0.0,0.0,0.0,0.0,-88.0,0.0,0.0,0.0,0.0,0.0,-77.0,-84.0,-94.0,0.0,0.0,0.0,0.0,0.0,0.0,-98.0,0.0,0.0
1560508286000.0,54.72984339278053,25.26293269965628,0.0,0.0,0.0,0.0,0.0,0.0,-86.0,-85.0,-88.0,-81.0,0.0,0.0,0.0,0.0,0.0,0.0,0.0,0.0,-88.0,0.0,0.0,0.0,0.0,0.0,-77.0,-73.0,0.0,0.0,0.0,0.0,0.0,0.0,0.0,-98.0,0.0,0.0
1560508287000.0,54.729843408653664,25.26295437027776,0.0,0.0,0.0,0.0,0.0,0.0,-93.0,-85.0,0.0,0.0,0.0,0.0,0.0,0.0,0.0,0.0,0.0,0.0,-88.0,0.0,0.0,0.0,0.0,0.0,-76.0,-73.0,0.0,0.0,0.0,0.0,0.0,0.0,0.0,0.0,0.0,0.0
1560508288000.0,54.7298434245268,25.262976040899243,0.0,0.0,0.0,0.0,0.0,0.0,-93.0,-85.0,0.0,0.0,0.0,0.0,0.0,0.0,0.0,0.0,0.0,0.0,-88.0,0.0,0.0,0.0,0.0,0.0,-75.0,-73.0,0.0,0.0,0.0,0.0,0.0,0.0,0.0,0.0,0.0,0.0
1560508289000.0,54.72984344039993,25.262997711520722,0.0,0.0,0.0,0.0,0.0,0.0,-93.0,0.0,0.0,0.0,0.0,0.0,0.0,0.0,0.0,0.0,0.0,0.0,0.0,0.0,0.0,0.0,0.0,0.0,-74.33333333333333,0.0,0.0,0.0,0.0,0.0,0.0,0.0,0.0,0.0,0.0,-96.0
1560508290000.0,54.729843456273066,25.263019382142204,0.0,0.0,0.0,0.0,0.0,0.0,0.0,0.0,0.0,0.0,0.0,0.0,0.0,0.0,0.0,0.0,0.0,0.0,0.0,0.0,0.0,0.0,0.0,0.0,-74.0,0.0,-76.0,0.0,-51.0,0.0,0.0,0.0,0.0,-91.0,0.0,-96.0
1560508291000.0,54.7298434721462,25.263041052763686,0.0,0.0,0.0,0.0,0.0,0.0,0.0,0.0,0.0,0.0,0.0,0.0,0.0,0.0,0.0,0.0,0.0,0.0,0.0,0.0,0.0,0.0,0.0,0.0,-73.0,0.0,-77.5,0.0,-51.0,0.0,0.0,0.0,0.0,-93.0,0.0,-96.0
1560508292000.0,54.729843488019334,25.26306272338517,0.0,0.0,0.0,0.0,0.0,0.0,0.0,0.0,0.0,0.0,0.0,0.0,0.0,0.0,0.0,0.0,0.0,0.0,0.0,0.0,0.0,0.0,0.0,0.0,-71.0,0.0,-79.0,0.0,-51.0,0.0,0.0,0.0,0.0,-93.0,0.0,0.0
1560508293000.0,54.72984350389246,25.26308439400665,0.0,0.0,0.0,0.0,0.0,0.0,0.0,0.0,0.0,0.0,0.0,0.0,0.0,0.0,0.0,0.0,0.0,0.0,0.0,0.0,0.0,0.0,0.0,0.0,-77.5,0.0,-80.5,0.0,0.0,0.0,0.0,0.0,0.0,-95.0,0.0,0.0
1560508294000.0,54.729843519765595,25.263106064628133,0.0,0.0,0.0,0.0,0.0,0.0,0.0,0.0,0.0,0.0,0.0,0.0,0.0,0.0,0.0,0.0,0.0,0.0,0.0,0.0,0.0,0.0,0.0,0.0,-84.0,0.0,-82.0,0.0,0.0,0.0,0.0,-85.0,-92.0,-77.0,0.0,-84.0
1560508295000.0,54.72984353563873,25.263127735249615,0.0,0.0,0.0,0.0,0.0,0.0,0.0,0.0,0.0,0.0,0.0,0.0,0.0,0.0,0.0,0.0,0.0,0.0,0.0,0.0,0.0,0.0,0.0,0.0,-84.0,0.0,0.0,-80.0,0.0,0.0,0.0,-84.5,-92.0,-77.0,0.0,-84.0
1560508296000.0,54.72984355151186,25.263149405871097,0.0,0.0,0.0,0.0,0.0,-90.0,0.0,0.0,0.0,0.0,0.0,0.0,0.0,0.0,0.0,0.0,0.0,0.0,0.0,0.0,0.0,0.0,0.0,0.0,-89.0,0.0,0.0,-80.0,0.0,0.0,0.0,-84.5,-92.0,-77.0,0.0,-85.5
1560508297000.0,54.729843567385,25.26317107649258,0.0,-89.0,0.0,-86.0,0.0,-91.5,0.0,0.0,0.0,0.0,0.0,0.0,0.0,0.0,0.0,0.0,0.0,0.0,0.0,0.0,0.0,0.0,0.0,0.0,-89.0,0.0,0.0,-85.0,0.0,0.0,0.0,-84.0,0.0,0.0,0.0,-87.0
1560508298000.0,54.72984358325813,25.26319274711406,0.0,-89.0,0.0,-86.0,0.0,-91.5,0.0,0.0,0.0,0.0,0.0,-91.0,0.0,0.0,0.0,0.0,0.0,0.0,0.0,0.0,0.0,0.0,0.0,0.0,-89.0,0.0,0.0,-90.0,0.0,0.0,0.0,0.0,0.0,0.0,0.0,-87.0
1560508299000.0,54.72984359913126,25.263214417735544,-73.0,-89.0,-80.0,-81.5,0.0,-93.0,0.0,0.0,0.0,0.0,0.0,-91.0,0.0,0.0,0.0,0.0,0.0,0.0,0.0,0.0,0.0,0.0,0.0,0.0,-89.0,0.0,-91.0,-90.0,0.0,0.0,0.0,0.0,0.0,0.0,0.0,0.0
1560508300000.0,54.72984361500439,25.263236088357026,-67.0,-73.0,-80.0,-78.5,0.0,-76.5,0.0,0.0,0.0,0.0,0.0,-91.0,0.0,0.0,0.0,0.0,0.0,0.0,0.0,0.0,0.0,0.0,0.0,0.0,-89.0,0.0,-91.0,0.0,0.0,0.0,0.0,0.0,0.0,0.0,0.0,0.0
1560508301000.0,54.729843630877525,25.263257758978508,-67.0,-71.0,-80.0,-78.5,-67.0,-78.33333333333333,0.0,0.0,0.0,0.0,0.0,0.0,0.0,0.0,0.0,0.0,0.0,0.0,0.0,0.0,0.0,0.0,0.0,0.0,0.0,-92.0,-91.0,0.0,0.0,0.0,0.0,0.0,0.0,0.0,0.0,0.0
1560508302000.0,54.72984364675066,25.26327942959999,-61.0,-71.0,-70.0,-80.0,-67.0,-77.16666666666667,0.0,0.0,0.0,0.0,0.0,0.0,0.0,0.0,0.0,0.0,0.0,0.0,0.0,0.0,0.0,0.0,0.0,0.0,0.0,-92.0,0.0,0.0,0.0,0.0,0.0,0.0,0.0,0.0,0.0,0.0
1560508303000.0,54.72984366262379,25.263301100221472,0.0,-70.33333333333333,-70.0,0.0,-67.0,-77.42857142857143,0.0,0.0,0.0,0.0,0.0,0.0,0.0,0.0,0.0,0.0,0.0,0.0,0.0,0.0,0.0,0.0,0.0,0.0,0.0,-92.0,0.0,0.0,0.0,0.0,0.0,0.0,0.0,0.0,0.0,0.0
1560508304000.0,54.72984367849693,25.263322770842954,0.0,0.0,-76.0,0.0,-73.0,-79.0,0.0,0.0,0.0,0.0,0.0,0.0,0.0,0.0,0.0,0.0,0.0,0.0,0.0,0.0,0.0,0.0,0.0,0.0,0.0,0.0,0.0,0.0,0.0,0.0,0.0,0.0,0.0,0.0,0.0,0.0
1560508305000.0,54.72984369437006,25.263344441464437,0.0,0.0,-79.0,0.0,-73.0,-81.0,0.0,0.0,0.0,0.0,0.0,0.0,-88.0,0.0,0.0,0.0,0.0,0.0,0.0,0.0,0.0,0.0,0.0,0.0,-94.0,0.0,0.0,0.0,-86.0,0.0,0.0,0.0,0.0,0.0,0.0,0.0
1560508306000.0,54.72984371024319,25.26336611208592,0.0,-75.0,-79.0,-84.0,-73.0,-85.5,0.0,0.0,0.0,0.0,0.0,0.0,-88.0,0.0,0.0,0.0,0.0,0.0,0.0,0.0,0.0,0.0,0.0,0.0,-94.0,0.0,0.0,0.0,-86.0,0.0,0.0,0.0,0.0,0.0,0.0,0.0
1560508307000.0,54.72984372611632,25.2633877827074,0.0,-75.0,-83.0,-84.0,-84.0,-86.25,0.0,-92.0,0.0,0.0,0.0,0.0,-88.0,0.0,0.0,0.0,0.0,0.0,0.0,0.0,0.0,0.0,0.0,0.0,-94.0,0.0,0.0,0.0,-86.0,0.0,0.0,0.0,0.0,0.0,0.0,0.0
1560508308000.0,54.729843741989455,25.263409453328883,0.0,-75.0,-83.0,-84.0,-84.0,-87.66666666666667,0.0,-92.0,0.0,0.0,0.0,0.0,0.0,0.0,-89.0,0.0,0.0,0.0,0.0,0.0,0.0,0.0,0.0,0.0,0.0,0.0,0.0,0.0,0.0,0.0,-97.0,0.0,0.0,0.0,0.0,0.0
1560508309000.0,54.72984375786259,25.263431123950365,0.0,0.0,-87.0,0.0,-84.0,-87.5,0.0,-93.0,0.0,0.0,0.0,0.0,0.0,0.0,-89.0,0.0,0.0,0.0,0.0,0.0,0.0,0.0,0.0,0.0,0.0,0.0,0.0,0.0,-88.0,0.0,-97.0,0.0,0.0,0.0,0.0,0.0
1560508310000.0,54.72984377373572,25.263452794571847,0.0,0.0,-91.0,0.0,0.0,0.0,0.0,-94.0,0.0,0.0,0.0,0.0,0.0,0.0,-89.0,0.0,0.0,0.0,0.0,0.0,0.0,0.0,0.0,0.0,0.0,0.0,0.0,0.0,-88.0,0.0,-97.0,0.0,0.0,0.0,0.0,0.0
1560508311000.0,54.72984378960886,25.26347446519333,0.0,0.0,-91.0,-82.0,0.0,0.0,0.0,-94.0,0.0,0.0,0.0,0.0,0.0,-92.0,0.0,0.0,0.0,0.0,0.0,0.0,0.0,0.0,0.0,0.0,0.0,0.0,0.0,0.0,-88.0,0.0,0.0,0.0,0.0,0.0,0.0,0.0
1560508312000.0,54.729843805481984,25.263496135814812,-91.0,0.0,-94.0,-82.0,0.0,0.0,0.0,0.0,0.0,0.0,0.0,0.0,0.0,-92.0,0.0,0.0,0.0,0.0,0.0,0.0,0.0,0.0,0.0,0.0,0.0,0.0,0.0,0.0,0.0,0.0,0.0,0.0,0.0,0.0,0.0,0.0
1560508313000.0,54.72984382135512,25.263517806436294,-87.0,0.0,-94.0,-82.0,0.0,0.0,0.0,0.0,0.0,0.0,0.0,-91.0,0.0,-92.0,0.0,-95.0,0.0,0.0,0.0,0.0,0.0,0.0,0.0,0.0,0.0,0.0,0.0,0.0,0.0,0.0,0.0,0.0,0.0,0.0,0.0,0.0
1560508314000.0,54.72984383722825,25.263539477057776,-87.0,0.0,-94.0,0.0,0.0,0.0,0.0,0.0,0.0,0.0,0.0,-91.0,0.0,0.0,0.0,-95.0,0.0,0.0,0.0,0.0,0.0,0.0,0.0,0.0,0.0,0.0,0.0,0.0,0.0,0.0,0.0,0.0,0.0,0.0,0.0,0.0
1560508315000.0,54.729844849158376,25.263542910441057,-83.0,0.0,0.0,-88.0,0.0,0.0,0.0,0.0,0.0,0.0,0.0,-91.0,0.0,0.0,0.0,-95.0,0.0,-73.0,0.0,0.0,0.0,0.0,0.0,0.0,0.0,0.0,0.0,0.0,0.0,0.0,0.0,0.0,0.0,0.0,0.0,0.0
1560508316000.0,54.729846173910595,25.263540616229157,-86.0,0.0,-91.0,-88.0,0.0,-95.0,0.0,0.0,0.0,0.0,0.0,0.0,0.0,-87.0,0.0,0.0,0.0,-73.0,0.0,0.0,0.0,0.0,0.0,0.0,0.0,0.0,0.0,0.0,0.0,0.0,0.0,0.0,0.0,0.0,0.0,0.0
1560508317000.0,54.729847498662814,25.263538322017258,-86.0,0.0,-91.0,-88.0,0.0,-95.0,0.0,0.0,0.0,0.0,0.0,0.0,-77.0,-87.0,0.0,0.0,0.0,-73.0,0.0,0.0,0.0,0.0,0.0,0.0,-92.0,0.0,0.0,0.0,0.0,0.0,0.0,0.0,0.0,0.0,0.0,0.0
1560508318000.0,54.72984882341504,25.26353602780536,-81.0,0.0,-91.0,-82.0,0.0,-95.0,0.0,-84.0,0.0,-89.0,0.0,0.0,-77.0,-87.0,0.0,0.0,0.0,0.0,0.0,0.0,0.0,0.0,0.0,0.0,-92.0,0.0,0.0,0.0,0.0,0.0,0.0,0.0,0.0,0.0,0.0,0.0
1560508319000.0,54.72985014816726,25.26353373359346,-76.0,0.0,-94.0,-86.0,-86.0,0.0,0.0,-86.0,0.0,-89.0,0.0,0.0,-77.0,0.0,0.0,0.0,0.0,0.0,0.0,0.0,0.0,0.0,0.0,0.0,-92.0,0.0,0.0,0.0,0.0,0.0,0.0,0.0,0.0,0.0,0.0,0.0
1560508320000.0,54.729851472919485,25.26353143938156,-76.0,0.0,-94.0,-86.0,-86.0,0.0,0.0,-86.0,0.0,-89.0,0.0,0.0,0.0,0.0,0.0,-89.0,-92.0,-80.0,0.0,0.0,0.0,0.0,0.0,0.0,0.0,0.0,0.0,0.0,0.0,0.0,0.0,0.0,0.0,0.0,0.0,0.0
1560508321000.0,54.729852797671704,25.263529145169663,0.0,0.0,-94.0,-90.0,-86.0,0.0,-93.0,-88.0,0.0,0.0,0.0,0.0,-77.0,0.0,0.0,-89.0,-92.0,-80.0,0.0,0.0,0.0,0.0,0.0,0.0,0.0,0.0,0.0,-88.0,0.0,0.0,0.0,0.0,0.0,0.0,0.0,0.0
1560508322000.0,54.729849539498595,25.263533963563155,0.0,0.0,0.0,0.0,0.0,0.0,-93.0,0.0,0.0,0.0,0.0,0.0,-75.0,-86.0,-71.0,-89.5,-92.0,-80.0,0.0,0.0,0.0,0.0,0.0,0.0,0.0,0.0,0.0,-88.0,0.0,0.0,0.0,0.0,0.0,0.0,0.0,0.0
1560508323000.0,54.729840769701624,25.26354733588296,-78.0,-89.0,0.0,0.0,0.0,0.0,-93.0,0.0,0.0,0.0,0.0,0.0,-75.0,-85.5,-71.0,-90.0,0.0,0.0,0.0,0.0,0.0,0.0,0.0,0.0,0.0,0.0,0.0,-88.0,-78.0,0.0,0.0,0.0,0.0,0.0,0.0,0.0
1560508324000.0,54.729831999904654,25.263560708202764,-78.0,-89.0,0.0,0.0,0.0,0.0,0.0,0.0,0.0,0.0,0.0,0.0,-73.0,-85.5,-71.0,-90.0,-84.0,0.0,0.0,0.0,0.0,0.0,0.0,0.0,0.0,-94.0,0.0,0.0,-78.0,0.0,0.0,0.0,0.0,0.0,0.0,0.0
1560508325000.0,54.72982323010769,25.26357408052257,-78.0,-89.0,0.0,0.0,0.0,0.0,0.0,0.0,0.0,0.0,0.0,0.0,0.0,-82.0,0.0,0.0,-84.0,0.0,0.0,0.0,0.0,0.0,0.0,0.0,0.0,-94.0,0.0,0.0,-78.0,0.0,0.0,0.0,0.0,0.0,0.0,0.0
1560508326000.0,54.72981446031072,25.263587452842373,0.0,0.0,0.0,0.0,0.0,0.0,0.0,0.0,0.0,0.0,0.0,0.0,0.0,-80.5,0.0,0.0,-84.0,0.0,0.0,0.0,0.0,0.0,0.0,0.0,0.0,-94.0,0.0,0.0,0.0,0.0,0.0,0.0,0.0,0.0,0.0,0.0
1560508327000.0,54.72980569051375,25.26360082516218,0.0,0.0,0.0,0.0,0.0,0.0,0.0,0.0,0.0,0.0,0.0,0.0,-77.0,-80.5,0.0,0.0,0.0,-73.0,0.0,0.0,0.0,0.0,0.0,0.0,0.0,0.0,0.0,0.0,0.0,0.0,0.0,0.0,0.0,0.0,0.0,0.0
1560508328000.0,54.72980422260805,25.26360376069084,0.0,0.0,0.0,0.0,0.0,0.0,0.0,0.0,0.0,0.0,0.0,0.0,-77.0,0.0,0.0,0.0,0.0,-73.0,0.0,0.0,0.0,0.0,0.0,0.0,0.0,0.0,0.0,0.0,0.0,0.0,0.0,0.0,0.0,0.0,0.0,0.0
1560508329000.0,54.729803450501414,25.263605701695052,0.0,0.0,0.0,0.0,0.0,0.0,0.0,0.0,0.0,0.0,0.0,0.0,-77.0,0.0,0.0,0.0,0.0,-73.0,0.0,0.0,0.0,0.0,0.0,0.0,0.0,0.0,0.0,0.0,0.0,0.0,0.0,0.0,0.0,0.0,0.0,0.0
1560508330000.0,54.729802678394776,25.26360764269926,0.0,0.0,0.0,0.0,0.0,0.0,0.0,0.0,0.0,0.0,0.0,0.0,0.0,-72.0,0.0,0.0,0.0,0.0,0.0,0.0,0.0,0.0,0.0,0.0,0.0,0.0,0.0,0.0,0.0,0.0,0.0,0.0,0.0,0.0,0.0,0.0
1560508331000.0,54.72980190628814,25.263609583703467,0.0,0.0,0.0,0.0,0.0,0.0,0.0,0.0,0.0,0.0,0.0,0.0,0.0,-73.0,0.0,-78.0,-79.0,0.0,0.0,0.0,0.0,0.0,0.0,0.0,0.0,0.0,0.0,0.0,0.0,0.0,0.0,0.0,0.0,0.0,0.0,0.0
1560508332000.0,54.7298011341815,25.263611524707674,0.0,0.0,0.0,0.0,0.0,0.0,0.0,0.0,0.0,0.0,0.0,0.0,-60.0,-73.0,0.0,-78.0,-79.0,0.0,0.0,0.0,0.0,0.0,0.0,0.0,0.0,0.0,0.0,0.0,0.0,0.0,0.0,0.0,0.0,0.0,0.0,0.0
1560508333000.0,54.729800362074855,25.263613465711884,0.0,0.0,0.0,0.0,0.0,0.0,0.0,0.0,0.0,0.0,0.0,0.0,-60.0,-74.0,0.0,-78.0,-79.0,-72.0,0.0,0.0,0.0,0.0,0.0,0.0,0.0,0.0,0.0,0.0,0.0,0.0,0.0,0.0,0.0,0.0,0.0,0.0
1560508334000.0,54.729799589968216,25.26361540671609,0.0,0.0,0.0,0.0,0.0,0.0,0.0,0.0,0.0,0.0,0.0,0.0,-60.0,0.0,-65.0,0.0,0.0,-72.0,0.0,0.0,0.0,0.0,0.0,0.0,0.0,0.0,0.0,0.0,0.0,0.0,0.0,0.0,0.0,0.0,0.0,0.0
1560508335000.0,54.72980037161419,25.2636189726444,0.0,0.0,0.0,0.0,0.0,0.0,0.0,0.0,0.0,0.0,0.0,0.0,-66.0,-73.0,-65.0,-83.0,0.0,-72.0,0.0,0.0,0.0,0.0,0.0,0.0,0.0,0.0,0.0,0.0,0.0,0.0,0.0,0.0,0.0,0.0,0.0,0.0
1560508336000.0,54.72981069774046,25.26363252024933,0.0,0.0,0.0,0.0,0.0,0.0,0.0,0.0,0.0,0.0,0.0,0.0,-62.5,-74.66666666666667,-71.66666666666667,-83.0,-79.0,0.0,0.0,0.0,0.0,0.0,0.0,0.0,0.0,0.0,0.0,0.0,0.0,0.0,0.0,0.0,0.0,0.0,0.0,0.0
1560508337000.0,54.729821023866734,25.263646067854264,0.0,0.0,0.0,0.0,0.0,0.0,0.0,0.0,0.0,0.0,0.0,0.0,-64.0,-74.66666666666667,-75.0,-82.33333333333333,-79.0,0.0,0.0,0.0,0.0,0.0,0.0,0.0,0.0,0.0,0.0,0.0,0.0,0.0,0.0,0.0,0.0,0.0,0.0,0.0
1560508338000.0,54.729831349993006,25.263659615459197,0.0,0.0,0.0,0.0,0.0,0.0,0.0,0.0,0.0,0.0,0.0,0.0,-68.0,-77.0,-75.0,-82.0,-79.0,0.0,0.0,0.0,0.0,0.0,0.0,0.0,0.0,0.0,0.0,0.0,0.0,0.0,0.0,0.0,0.0,0.0,0.0,0.0
1560508339000.0,54.72984167611928,25.26367316306413,0.0,0.0,0.0,0.0,0.0,0.0,0.0,0.0,0.0,0.0,0.0,0.0,-72.5,-80.0,0.0,-82.0,0.0,0.0,0.0,0.0,0.0,0.0,0.0,0.0,0.0,0.0,0.0,0.0,0.0,0.0,0.0,0.0,0.0,0.0,0.0,0.0
1560508340000.0,54.72985200224555,25.26368671066906,0.0,0.0,0.0,0.0,0.0,0.0,0.0,0.0,0.0,0.0,0.0,0.0,-78.0,-80.0,0.0,-88.0,0.0,0.0,0.0,0.0,0.0,0.0,0.0,0.0,0.0,0.0,0.0,0.0,0.0,0.0,0.0,0.0,0.0,0.0,0.0,0.0
1560508341000.0,54.72986232837182,25.263700258273992,0.0,0.0,0.0,0.0,0.0,0.0,0.0,0.0,0.0,0.0,0.0,0.0,-77.0,-92.0,0.0,-88.0,0.0,-91.0,0.0,0.0,0.0,0.0,0.0,0.0,0.0,0.0,0.0,0.0,0.0,0.0,0.0,0.0,0.0,0.0,0.0,0.0
1560508342000.0,54.729872654498095,25.263713805878925,0.0,0.0,0.0,0.0,0.0,0.0,0.0,0.0,0.0,0.0,0.0,0.0,-80.5,-92.0,0.0,-88.0,0.0,-91.0,0.0,0.0,0.0,0.0,0.0,0.0,0.0,0.0,0.0,0.0,0.0,0.0,0.0,0.0,0.0,0.0,0.0,0.0
1560508343000.0,54.72988298062437,25.26372735348386,0.0,0.0,0.0,0.0,0.0,0.0,0.0,0.0,0.0,0.0,0.0,0.0,-86.0,-92.0,0.0,0.0,-89.0,-91.0,0.0,0.0,0.0,0.0,0.0,0.0,0.0,0.0,0.0,0.0,0.0,0.0,0.0,0.0,0.0,0.0,0.0,0.0
1560508344000.0,54.72989330675064,25.26374090108879,0.0,0.0,0.0,0.0,0.0,0.0,0.0,0.0,0.0,0.0,0.0,0.0,-90.5,0.0,0.0,0.0,-89.0,0.0,0.0,0.0,0.0,0.0,0.0,0.0,0.0,0.0,0.0,0.0,0.0,0.0,0.0,0.0,0.0,0.0,0.0,0.0
1560508345000.0,54.72990363287691,25.26375444869372,0.0,0.0,0.0,0.0,0.0,0.0,0.0,0.0,0.0,0.0,0.0,0.0,-97.0,0.0,0.0,0.0,-89.0,0.0,0.0,0.0,0.0,0.0,0.0,0.0,0.0,0.0,0.0,0.0,0.0,0.0,0.0,0.0,0.0,0.0,0.0,0.0
1560508348000.0,54.7299264152939,25.263784899876363,0.0,0.0,0.0,0.0,0.0,0.0,0.0,0.0,0.0,0.0,0.0,0.0,0.0,0.0,0.0,-88.0,0.0,0.0,0.0,0.0,0.0,0.0,0.0,0.0,0.0,0.0,0.0,0.0,0.0,0.0,0.0,0.0,0.0,0.0,0.0,0.0
1560508349000.0,54.729926041731105,25.26378514247848,0.0,0.0,0.0,0.0,0.0,0.0,0.0,0.0,0.0,0.0,0.0,0.0,-82.0,-94.0,-83.0,-88.0,0.0,0.0,0.0,0.0,0.0,0.0,0.0,0.0,0.0,0.0,0.0,0.0,0.0,0.0,0.0,0.0,0.0,0.0,0.0,0.0
1560508350000.0,54.72992566816831,25.263785385080595,0.0,0.0,0.0,0.0,0.0,0.0,0.0,0.0,0.0,0.0,0.0,0.0,-82.0,-94.0,-83.0,-88.0,0.0,0.0,0.0,0.0,0.0,0.0,0.0,0.0,0.0,0.0,0.0,0.0,0.0,0.0,0.0,0.0,0.0,0.0,0.0,0.0
1560508351000.0,54.729925294605515,25.26378562768271,0.0,0.0,0.0,0.0,0.0,0.0,0.0,0.0,0.0,0.0,0.0,0.0,-82.0,-94.0,-83.0,0.0,0.0,0.0,0.0,0.0,0.0,0.0,0.0,0.0,0.0,0.0,0.0,0.0,0.0,0.0,0.0,0.0,0.0,0.0,0.0,0.0
1560508353000.0,54.72990646248522,25.26376003269614,0.0,0.0,0.0,0.0,0.0,0.0,0.0,0.0,0.0,0.0,0.0,0.0,0.0,0.0,0.0,0.0,0.0,-94.0,0.0,0.0,0.0,0.0,0.0,0.0,0.0,0.0,0.0,0.0,0.0,0.0,0.0,0.0,0.0,0.0,0.0,0.0
1560508354000.0,54.72989492534544,25.263744176415045,0.0,0.0,0.0,0.0,0.0,0.0,0.0,0.0,0.0,0.0,0.0,0.0,0.0,0.0,0.0,0.0,0.0,-94.0,0.0,0.0,0.0,0.0,0.0,0.0,0.0,0.0,0.0,0.0,0.0,0.0,0.0,0.0,0.0,0.0,0.0,0.0
1560508355000.0,54.729883388205664,25.263728320133946,0.0,0.0,0.0,0.0,0.0,0.0,0.0,0.0,0.0,0.0,0.0,0.0,0.0,0.0,0.0,0.0,0.0,-94.0,0.0,0.0,0.0,0.0,0.0,0.0,0.0,0.0,0.0,0.0,0.0,0.0,0.0,0.0,0.0,0.0,0.0,0.0
1560508356000.0,54.72987185106589,25.26371246385285,0.0,0.0,0.0,0.0,0.0,0.0,0.0,0.0,0.0,0.0,0.0,0.0,-89.0,0.0,0.0,0.0,0.0,0.0,0.0,0.0,0.0,0.0,0.0,0.0,0.0,0.0,0.0,0.0,0.0,0.0,0.0,0.0,0.0,0.0,0.0,0.0
1560508357000.0,54.72986031392611,25.263696607571752,0.0,0.0,0.0,0.0,0.0,0.0,0.0,0.0,0.0,0.0,0.0,0.0,-89.0,0.0,0.0,0.0,0.0,-91.0,0.0,0.0,0.0,0.0,0.0,0.0,0.0,0.0,0.0,0.0,0.0,0.0,0.0,0.0,0.0,0.0,0.0,0.0
1560508358000.0,54.72984877678634,25.263680751290657,0.0,0.0,0.0,0.0,0.0,0.0,0.0,0.0,0.0,0.0,0.0,0.0,-89.0,0.0,0.0,-90.0,0.0,-91.0,0.0,0.0,0.0,0.0,0.0,0.0,0.0,0.0,0.0,0.0,0.0,0.0,0.0,0.0,0.0,0.0,0.0,0.0
1560508359000.0,54.729837239646564,25.26366489500956,0.0,0.0,0.0,0.0,0.0,0.0,0.0,0.0,0.0,0.0,0.0,0.0,-77.0,0.0,0.0,-90.0,0.0,-86.5,0.0,0.0,0.0,0.0,0.0,0.0,0.0,0.0,0.0,0.0,0.0,0.0,0.0,0.0,0.0,0.0,0.0,0.0
1560508360000.0,54.72982570250679,25.263649038728463,0.0,0.0,0.0,0.0,0.0,0.0,0.0,0.0,0.0,0.0,0.0,0.0,-76.5,0.0,0.0,-90.0,0.0,-84.0,0.0,0.0,0.0,0.0,0.0,0.0,0.0,0.0,0.0,0.0,0.0,0.0,0.0,0.0,0.0,0.0,0.0,0.0
1560508361000.0,54.72981416536701,25.263633182447364,0.0,0.0,0.0,0.0,0.0,0.0,0.0,0.0,0.0,0.0,0.0,0.0,-76.5,-72.0,0.0,-82.0,0.0,-84.0,0.0,0.0,0.0,0.0,0.0,0.0,0.0,0.0,0.0,0.0,0.0,0.0,0.0,0.0,0.0,0.0,0.0,0.0
1560508362000.0,54.72980262822723,25.26361732616627,0.0,0.0,0.0,0.0,0.0,0.0,0.0,0.0,0.0,0.0,0.0,0.0,-76.0,-72.0,0.0,-82.0,0.0,-86.0,0.0,0.0,0.0,0.0,0.0,0.0,0.0,0.0,0.0,0.0,0.0,0.0,0.0,0.0,0.0,0.0,0.0,0.0
1560508363000.0,54.72979207179937,25.263602841364143,0.0,0.0,0.0,0.0,0.0,0.0,0.0,0.0,0.0,0.0,0.0,0.0,-65.0,-72.0,0.0,-81.0,0.0,0.0,0.0,0.0,0.0,0.0,0.0,0.0,0.0,0.0,0.0,0.0,0.0,0.0,0.0,0.0,0.0,0.0,0.0,0.0
1560508364000.0,54.72979361081843,25.26360527146934,0.0,0.0,0.0,0.0,0.0,0.0,0.0,0.0,0.0,0.0,0.0,0.0,-65.0,0.0,-63.0,-81.0,0.0,0.0,0.0,0.0,0.0,0.0,0.0,0.0,0.0,0.0,0.0,0.0,0.0,0.0,0.0,0.0,0.0,0.0,0.0,0.0
1560508365000.0,54.72979514983749,25.26360770157454,0.0,0.0,0.0,0.0,0.0,0.0,0.0,0.0,0.0,0.0,0.0,0.0,-65.0,-67.0,-63.0,-81.0,0.0,-64.0,0.0,0.0,0.0,0.0,0.0,0.0,0.0,0.0,0.0,0.0,0.0,0.0,0.0,0.0,0.0,0.0,0.0,0.0
1560508366000.0,54.72979668885655,25.26361013167974,-88.0,0.0,0.0,0.0,0.0,0.0,0.0,0.0,0.0,0.0,0.0,0.0,0.0,-67.0,-63.0,-73.0,0.0,-64.0,0.0,0.0,0.0,0.0,0.0,0.0,0.0,0.0,0.0,0.0,0.0,0.0,0.0,0.0,0.0,0.0,0.0,0.0
1560508367000.0,54.72979822787561,25.26361256178494,-88.0,0.0,0.0,0.0,0.0,0.0,0.0,0.0,0.0,0.0,0.0,0.0,0.0,-67.0,0.0,-68.5,0.0,-64.0,0.0,0.0,0.0,0.0,0.0,0.0,0.0,0.0,0.0,0.0,0.0,0.0,0.0,0.0,0.0,0.0,0.0,0.0
1560508368000.0,54.729794421703005,25.263595227859444,-88.0,0.0,0.0,0.0,0.0,0.0,0.0,0.0,0.0,0.0,0.0,0.0,0.0,0.0,-62.0,-68.5,-79.0,0.0,0.0,0.0,0.0,0.0,0.0,0.0,0.0,0.0,0.0,0.0,0.0,0.0,0.0,0.0,0.0,0.0,0.0,0.0
1560508369000.0,54.72978926248689,25.263572891008884,0.0,0.0,0.0,0.0,0.0,0.0,0.0,0.0,0.0,0.0,0.0,0.0,0.0,-68.0,-62.0,-69.66666666666667,-79.0,0.0,0.0,0.0,0.0,0.0,0.0,0.0,0.0,0.0,0.0,0.0,0.0,0.0,0.0,0.0,0.0,0.0,0.0,0.0
1560508370000.0,54.72978410327078,25.26355055415833,0.0,0.0,0.0,0.0,0.0,0.0,0.0,0.0,0.0,0.0,0.0,0.0,0.0,-68.0,-62.0,-72.75,-79.0,0.0,0.0,0.0,0.0,0.0,0.0,0.0,0.0,0.0,0.0,0.0,0.0,0.0,0.0,0.0,0.0,0.0,0.0,0.0
1560508371000.0,54.729778944054665,25.263528217307773,0.0,0.0,0.0,0.0,0.0,0.0,0.0,0.0,0.0,0.0,0.0,0.0,0.0,-68.0,0.0,-77.0,0.0,0.0,0.0,0.0,0.0,0.0,0.0,0.0,0.0,0.0,0.0,0.0,0.0,0.0,0.0,0.0,0.0,0.0,0.0,0.0
1560508372000.0,54.72977532116424,25.263512370374677,-96.0,0.0,0.0,0.0,0.0,0.0,0.0,0.0,0.0,0.0,0.0,0.0,0.0,-85.0,-83.0,-82.0,0.0,0.0,0.0,0.0,0.0,0.0,0.0,0.0,0.0,0.0,0.0,0.0,0.0,0.0,0.0,0.0,0.0,0.0,0.0,0.0
1560508373000.0,54.72977536983183,25.263512033244332,-96.0,0.0,0.0,0.0,0.0,0.0,0.0,0.0,0.0,0.0,0.0,0.0,0.0,-85.0,-83.0,0.0,0.0,0.0,0.0,0.0,0.0,0.0,0.0,0.0,0.0,0.0,0.0,0.0,0.0,0.0,0.0,0.0,0.0,0.0,0.0,0.0
1560508374000.0,54.729775418499415,25.26351169611399,-96.0,0.0,0.0,0.0,0.0,0.0,0.0,0.0,0.0,0.0,0.0,0.0,0.0,-84.66666666666667,-81.5,0.0,0.0,0.0,0.0,0.0,0.0,0.0,0.0,0.0,0.0,0.0,0.0,0.0,0.0,0.0,0.0,0.0,0.0,0.0,0.0,0.0
1560508375000.0,54.729775467166995,25.263511358983646,0.0,0.0,0.0,0.0,0.0,0.0,0.0,0.0,0.0,0.0,0.0,0.0,0.0,-84.5,-79.5,0.0,0.0,0.0,0.0,0.0,0.0,0.0,0.0,0.0,0.0,0.0,0.0,0.0,0.0,0.0,0.0,0.0,0.0,0.0,0.0,0.0
1560508376000.0,54.7297752108701,25.263504015983827,0.0,0.0,0.0,0.0,0.0,0.0,0.0,0.0,0.0,0.0,0.0,0.0,0.0,-84.0,-79.5,0.0,0.0,-80.0,0.0,0.0,0.0,0.0,0.0,0.0,0.0,0.0,0.0,0.0,0.0,0.0,0.0,0.0,0.0,0.0,0.0,0.0
1560508377000.0,54.72977429750463,25.263481578318864,0.0,0.0,0.0,0.0,0.0,0.0,0.0,0.0,0.0,0.0,0.0,0.0,0.0,0.0,-79.0,0.0,0.0,-80.0,0.0,0.0,0.0,0.0,0.0,0.0,0.0,0.0,0.0,0.0,0.0,0.0,0.0,0.0,0.0,0.0,0.0,0.0
1560508378000.0,54.72977338413916,25.2634591406539,0.0,0.0,0.0,0.0,0.0,0.0,0.0,0.0,0.0,0.0,0.0,0.0,-82.0,-84.0,0.0,0.0,0.0,-85.0,0.0,0.0,0.0,0.0,0.0,0.0,0.0,0.0,0.0,0.0,0.0,0.0,0.0,0.0,0.0,0.0,0.0,0.0
1560508379000.0,54.72977247077368,25.263436702988937,0.0,0.0,0.0,0.0,0.0,0.0,0.0,0.0,0.0,0.0,0.0,0.0,-82.0,-84.0,0.0,0.0,0.0,-87.5,0.0,0.0,0.0,0.0,0.0,0.0,0.0,0.0,0.0,0.0,0.0,0.0,0.0,0.0,0.0,0.0,0.0,0.0
1560508380000.0,54.729771557408206,25.263414265323973,0.0,0.0,0.0,0.0,0.0,0.0,0.0,0.0,0.0,0.0,0.0,0.0,-82.0,-84.0,-80.0,0.0,0.0,-87.5,0.0,0.0,0.0,0.0,0.0,0.0,0.0,0.0,0.0,0.0,0.0,0.0,0.0,0.0,0.0,0.0,0.0,0.0
1560508381000.0,54.72977064404274,25.26339182765901,0.0,0.0,0.0,0.0,0.0,0.0,0.0,0.0,0.0,0.0,0.0,0.0,0.0,-84.0,-80.0,0.0,0.0,-91.0,0.0,0.0,0.0,0.0,0.0,0.0,0.0,0.0,0.0,0.0,0.0,0.0,0.0,0.0,0.0,0.0,0.0,0.0
1560508382000.0,54.7297704688866,25.263382911602445,0.0,0.0,0.0,0.0,0.0,0.0,0.0,0.0,0.0,0.0,0.0,0.0,0.0,-84.0,-80.0,0.0,0.0,-90.5,0.0,0.0,0.0,0.0,0.0,0.0,0.0,0.0,0.0,0.0,0.0,0.0,0.0,0.0,0.0,0.0,0.0,0.0
1560508383000.0,54.729770798297785,25.263383237587984,0.0,0.0,0.0,0.0,0.0,0.0,0.0,0.0,0.0,0.0,0.0,0.0,0.0,-84.0,0.0,0.0,0.0,-90.5,0.0,0.0,0.0,0.0,0.0,0.0,0.0,0.0,0.0,0.0,0.0,0.0,0.0,0.0,0.0,0.0,0.0,0.0
1560508384000.0,54.72977112770898,25.263383563573523,0.0,0.0,0.0,0.0,0.0,0.0,0.0,0.0,0.0,0.0,0.0,0.0,0.0,0.0,0.0,0.0,0.0,-88.0,0.0,0.0,0.0,0.0,0.0,0.0,0.0,0.0,0.0,0.0,0.0,0.0,0.0,0.0,0.0,0.0,0.0,0.0
1560508385000.0,54.729771457120165,25.263383889559062,0.0,0.0,0.0,0.0,0.0,0.0,0.0,0.0,0.0,0.0,0.0,0.0,0.0,0.0,0.0,-93.0,0.0,-86.0,0.0,0.0,0.0,0.0,0.0,0.0,0.0,0.0,0.0,0.0,0.0,0.0,0.0,0.0,0.0,0.0,0.0,0.0
1560508386000.0,54.729771613293934,25.263374885619946,0.0,0.0,0.0,0.0,0.0,0.0,0.0,0.0,0.0,0.0,0.0,0.0,0.0,0.0,0.0,-93.0,0.0,-88.0,0.0,0.0,0.0,0.0,0.0,0.0,0.0,0.0,0.0,0.0,0.0,0.0,0.0,0.0,0.0,0.0,0.0,0.0
1560508387000.0,54.72977158179383,25.26335577426246,0.0,0.0,0.0,0.0,-92.5,0.0,0.0,0.0,0.0,0.0,0.0,0.0,0.0,0.0,0.0,-93.0,0.0,-90.0,0.0,0.0,0.0,0.0,0.0,0.0,0.0,0.0,0.0,0.0,0.0,0.0,0.0,0.0,0.0,0.0,0.0,0.0
1560508388000.0,54.72977155029372,25.263336662904976,0.0,0.0,0.0,0.0,-92.5,0.0,0.0,0.0,0.0,0.0,0.0,0.0,-77.0,0.0,0.0,0.0,0.0,-90.0,0.0,0.0,0.0,0.0,0.0,0.0,0.0,0.0,0.0,0.0,0.0,0.0,0.0,0.0,0.0,0.0,0.0,0.0
1560508389000.0,54.72977151879361,25.26331755154749,0.0,0.0,0.0,0.0,-92.5,0.0,0.0,0.0,0.0,0.0,0.0,0.0,-77.0,-88.0,0.0,0.0,0.0,-81.0,0.0,0.0,0.0,0.0,0.0,0.0,0.0,0.0,0.0,0.0,0.0,0.0,0.0,0.0,0.0,0.0,0.0,0.0
1560508390000.0,54.729771487293505,25.263298440190002,0.0,0.0,0.0,0.0,0.0,0.0,0.0,0.0,0.0,0.0,0.0,0.0,-80.5,-85.5,0.0,-94.0,0.0,-81.0,0.0,0.0,0.0,0.0,0.0,0.0,0.0,0.0,0.0,0.0,0.0,0.0,0.0,0.0,0.0,0.0,0.0,0.0
1560508391000.0,54.7297714557934,25.263279328832517,0.0,0.0,0.0,0.0,0.0,0.0,0.0,0.0,0.0,0.0,0.0,0.0,-84.0,-85.5,0.0,-94.0,0.0,-81.0,0.0,0.0,0.0,0.0,0.0,0.0,0.0,0.0,0.0,0.0,0.0,0.0,0.0,0.0,0.0,0.0,0.0,0.0
1560508392000.0,54.72977142429329,25.263260217475032,0.0,0.0,0.0,0.0,0.0,0.0,0.0,0.0,0.0,0.0,0.0,0.0,-84.0,-83.0,0.0,-94.0,0.0,0.0,0.0,0.0,0.0,0.0,0.0,0.0,0.0,0.0,0.0,0.0,0.0,0.0,0.0,0.0,0.0,0.0,0.0,0.0
1560508393000.0,54.72977139279318,25.263241106117544,0.0,0.0,-90.0,-79.0,0.0,0.0,0.0,0.0,0.0,0.0,0.0,0.0,0.0,0.0,0.0,0.0,0.0,0.0,0.0,0.0,0.0,0.0,0.0,0.0,0.0,0.0,0.0,0.0,0.0,0.0,-94.0,0.0,0.0,0.0,0.0,0.0
1560508394000.0,54.729771361293075,25.26322199476006,0.0,0.0,-90.0,-77.5,0.0,0.0,0.0,0.0,0.0,0.0,0.0,0.0,0.0,0.0,0.0,0.0,0.0,0.0,0.0,0.0,0.0,0.0,0.0,0.0,0.0,0.0,0.0,0.0,0.0,0.0,-94.0,0.0,0.0,0.0,0.0,0.0
1560508395000.0,54.72977132979297,25.263202883402574,0.0,0.0,-90.0,-77.5,0.0,-89.0,0.0,0.0,0.0,0.0,0.0,0.0,0.0,0.0,0.0,0.0,0.0,0.0,0.0,0.0,0.0,0.0,0.0,0.0,0.0,0.0,0.0,0.0,-90.5,0.0,-94.0,0.0,0.0,0.0,0.0,0.0
1560508396000.0,54.72977129829286,25.263183772045085,0.0,0.0,0.0,-76.0,0.0,-90.5,0.0,0.0,0.0,0.0,0.0,0.0,0.0,0.0,0.0,0.0,0.0,0.0,0.0,0.0,0.0,0.0,0.0,0.0,0.0,-85.0,0.0,0.0,-90.5,0.0,0.0,0.0,0.0,0.0,0.0,0.0
1560508397000.0,54.72977126679275,25.2631646606876,0.0,0.0,0.0,0.0,0.0,-90.5,0.0,0.0,0.0,0.0,0.0,0.0,0.0,0.0,0.0,0.0,0.0,0.0,0.0,0.0,0.0,0.0,0.0,0.0,0.0,-85.0,0.0,0.0,-90.5,0.0,0.0,0.0,0.0,0.0,0.0,0.0
1560508398000.0,54.729771235292645,25.263145549330115,0.0,0.0,0.0,-78.0,0.0,-91.0,0.0,0.0,0.0,0.0,0.0,0.0,0.0,0.0,0.0,0.0,0.0,0.0,0.0,0.0,0.0,0.0,0.0,0.0,0.0,-85.0,0.0,0.0,0.0,0.0,-85.0,0.0,0.0,0.0,0.0,0.0
1560508399000.0,54.72977120379254,25.26312643797263,0.0,0.0,0.0,-78.0,0.0,0.0,0.0,0.0,0.0,0.0,0.0,0.0,0.0,0.0,0.0,0.0,0.0,0.0,0.0,0.0,0.0,0.0,0.0,0.0,-89.0,0.0,0.0,0.0,0.0,0.0,-85.0,0.0,0.0,0.0,0.0,0.0
1560508400000.0,54.72977117229243,25.263107326615142,0.0,0.0,0.0,-78.0,0.0,0.0,0.0,0.0,0.0,0.0,0.0,0.0,0.0,0.0,0.0,0.0,0.0,0.0,0.0,0.0,0.0,0.0,0.0,0.0,-89.0,0.0,0.0,0.0,0.0,0.0,-86.5,0.0,0.0,-90.0,0.0,0.0
1560508401000.0,54.72977114079232,25.263088215257657,0.0,0.0,0.0,0.0,0.0,0.0,0.0,0.0,0.0,0.0,0.0,0.0,0.0,0.0,0.0,0.0,0.0,0.0,0.0,0.0,0.0,0.0,0.0,0.0,-89.0,0.0,0.0,0.0,0.0,0.0,-88.0,0.0,0.0,-92.0,0.0,0.0
1560508402000.0,54.729771109292216,25.263069103900172,0.0,0.0,0.0,0.0,0.0,0.0,0.0,0.0,0.0,0.0,0.0,0.0,0.0,0.0,0.0,0.0,0.0,0.0,0.0,0.0,0.0,0.0,0.0,0.0,-89.0,0.0,0.0,-90.0,0.0,0.0,-88.0,-91.0,0.0,-92.0,0.0,0.0
1560508403000.0,54.72977107779211,25.263049992542683,0.0,0.0,0.0,0.0,-94.0,0.0,0.0,0.0,0.0,0.0,0.0,0.0,0.0,0.0,0.0,0.0,0.0,0.0,0.0,0.0,0.0,0.0,0.0,0.0,-89.0,-81.0,0.0,-88.5,-77.0,0.0,0.0,-91.0,0.0,-93.0,0.0,0.0
1560508404000.0,54.72977104566133,25.26303169062896,0.0,0.0,0.0,0.0,-94.0,0.0,0.0,0.0,0.0,0.0,0.0,0.0,0.0,0.0,0.0,0.0,0.0,0.0,0.0,0.0,0.0,0.0,0.0,0.0,-87.5,-81.0,0.0,-88.5,-77.0,-84.0,0.0,-91.0,0.0,-90.0,0.0,-86.0
1560508405000.0,54.729770999145316,25.263031851741946,0.0,0.0,0.0,0.0,-94.0,0.0,0.0,0.0,0.0,0.0,0.0,0.0,0.0,0.0,0.0,0.0,0.0,0.0,0.0,0.0,0.0,0.0,0.0,0.0,-86.0,-81.0,0.0,-87.0,-77.0,-84.0,-90.0,0.0,0.0,-90.0,0.0,-86.0
1560508406000.0,54.7297709526293,25.263032012854932,0.0,0.0,0.0,0.0,0.0,0.0,0.0,0.0,0.0,0.0,0.0,0.0,0.0,0.0,0.0,0.0,0.0,0.0,0.0,0.0,0.0,0.0,0.0,0.0,-86.0,0.0,0.0,0.0,0.0,-84.0,-90.0,0.0,0.0,-88.0,-92.0,-86.0
1560508407000.0,54.72977090611329,25.26303217396792,0.0,0.0,0.0,0.0,0.0,0.0,0.0,0.0,0.0,0.0,0.0,0.0,0.0,0.0,0.0,0.0,0.0,0.0,0.0,0.0,0.0,0.0,0.0,0.0,0.0,0.0,0.0,0.0,0.0,0.0,-90.0,0.0,0.0,-79.0,-92.0,0.0
1560508408000.0,54.72977085959728,25.263032335080904,0.0,0.0,0.0,0.0,0.0,0.0,0.0,0.0,0.0,0.0,0.0,0.0,0.0,0.0,0.0,0.0,0.0,0.0,0.0,0.0,0.0,0.0,0.0,0.0,0.0,0.0,0.0,0.0,0.0,0.0,0.0,0.0,0.0,-79.0,-92.0,0.0
1560508409000.0,54.729770400116436,25.263014926283116,-88.0,0.0,0.0,0.0,0.0,0.0,0.0,0.0,0.0,0.0,0.0,0.0,0.0,0.0,0.0,0.0,0.0,0.0,0.0,0.0,0.0,0.0,0.0,0.0,0.0,0.0,0.0,0.0,0.0,0.0,0.0,0.0,0.0,-79.0,0.0,0.0
1560508410000.0,54.72976988432222,25.262995121588403,-88.0,0.0,0.0,0.0,0.0,0.0,0.0,0.0,0.0,0.0,0.0,0.0,0.0,0.0,0.0,0.0,0.0,0.0,0.0,0.0,0.0,0.0,0.0,0.0,0.0,0.0,0.0,0.0,0.0,0.0,0.0,0.0,0.0,0.0,0.0,0.0
1560508411000.0,54.72976936852799,25.262975316893687,-88.0,0.0,0.0,0.0,0.0,0.0,0.0,0.0,0.0,0.0,0.0,0.0,0.0,0.0,0.0,0.0,0.0,0.0,0.0,0.0,0.0,0.0,0.0,0.0,0.0,0.0,0.0,0.0,0.0,0.0,0.0,0.0,0.0,0.0,0.0,0.0
1560508412000.0,54.72976885273377,25.262955512198975,0.0,0.0,0.0,0.0,0.0,0.0,0.0,0.0,0.0,0.0,0.0,0.0,0.0,0.0,0.0,0.0,0.0,0.0,0.0,0.0,0.0,0.0,0.0,0.0,-80.0,-86.0,-94.0,0.0,-77.0,0.0,0.0,0.0,0.0,0.0,0.0,0.0
1560508413000.0,54.72976833693954,25.262935707504262,0.0,0.0,0.0,0.0,0.0,0.0,0.0,0.0,0.0,0.0,0.0,0.0,0.0,0.0,0.0,0.0,0.0,0.0,0.0,0.0,0.0,0.0,0.0,0.0,-80.0,-79.0,-91.0,-75.0,-77.0,0.0,0.0,0.0,0.0,0.0,0.0,0.0
1560508414000.0,54.729767821145316,25.26291590280955,0.0,0.0,0.0,0.0,0.0,0.0,0.0,0.0,0.0,0.0,0.0,0.0,0.0,0.0,0.0,0.0,0.0,0.0,0.0,0.0,0.0,0.0,0.0,0.0,-84.0,-79.0,-91.0,-75.0,-77.0,0.0,0.0,0.0,0.0,0.0,0.0,0.0
1560508415000.0,54.729767305351096,25.262896098114837,0.0,0.0,0.0,0.0,0.0,0.0,0.0,0.0,0.0,0.0,0.0,0.0,0.0,0.0,0.0,0.0,0.0,0.0,0.0,0.0,0.0,0.0,0.0,0.0,-88.0,-72.0,-88.0,-75.0,0.0,0.0,0.0,0.0,0.0,0.0,0.0,0.0
1560508416000.0,54.72976678955687,25.262876293420124,0.0,0.0,0.0,0.0,0.0,0.0,-92.0,-90.0,0.0,0.0,0.0,0.0,0.0,0.0,0.0,0.0,0.0,0.0,0.0,0.0,0.0,0.0,0.0,0.0,-88.0,0.0,0.0,0.0,0.0,0.0,0.0,0.0,0.0,0.0,0.0,0.0
1560508417000.0,54.72976627376264,25.262856488725408,0.0,0.0,0.0,0.0,0.0,0.0,-87.5,-90.0,-89.0,0.0,0.0,0.0,0.0,0.0,0.0,0.0,0.0,0.0,0.0,0.0,0.0,0.0,0.0,0.0,0.0,0.0,0.0,0.0,0.0,0.0,0.0,0.0,0.0,0.0,0.0,0.0
1560508418000.0,54.72976575796842,25.262836684030695,0.0,0.0,0.0,0.0,0.0,0.0,-87.5,-90.0,-91.0,0.0,0.0,0.0,0.0,0.0,0.0,0.0,0.0,0.0,0.0,0.0,0.0,0.0,0.0,0.0,0.0,0.0,0.0,0.0,0.0,0.0,0.0,0.0,0.0,0.0,0.0,0.0
1560508419000.0,54.729765242174196,25.262816879335983,0.0,0.0,0.0,0.0,0.0,0.0,-85.5,0.0,-91.0,0.0,0.0,0.0,0.0,0.0,0.0,0.0,0.0,0.0,0.0,0.0,0.0,0.0,0.0,0.0,0.0,0.0,0.0,0.0,0.0,0.0,0.0,0.0,0.0,0.0,0.0,0.0
1560508420000.0,54.729764726379976,25.26279707464127,0.0,0.0,0.0,0.0,0.0,0.0,-88.0,-83.0,-93.0,-86.0,-87.0,0.0,0.0,0.0,0.0,0.0,0.0,0.0,0.0,0.0,0.0,0.0,0.0,0.0,0.0,0.0,0.0,0.0,0.0,0.0,0.0,0.0,0.0,0.0,0.0,0.0
1560508421000.0,54.72976421058575,25.262777269946557,0.0,0.0,0.0,0.0,0.0,0.0,-85.5,-83.0,0.0,-86.0,-88.66666666666667,0.0,0.0,0.0,0.0,0.0,0.0,0.0,0.0,0.0,0.0,0.0,0.0,0.0,0.0,0.0,0.0,0.0,0.0,0.0,0.0,0.0,0.0,0.0,0.0,0.0
1560508422000.0,54.72976475426032,25.26277363007604,0.0,0.0,0.0,0.0,0.0,0.0,-83.0,-79.0,-92.0,-87.0,-88.66666666666667,-81.0,0.0,0.0,0.0,0.0,0.0,0.0,0.0,0.0,0.0,0.0,0.0,0.0,0.0,0.0,0.0,0.0,0.0,0.0,0.0,0.0,0.0,0.0,0.0,0.0
1560508423000.0,54.72976566439987,25.262775581537714,0.0,0.0,0.0,0.0,0.0,0.0,-85.5,-75.0,-92.0,-88.0,-94.5,-81.0,0.0,0.0,0.0,0.0,0.0,0.0,0.0,0.0,0.0,0.0,0.0,0.0,0.0,0.0,0.0,0.0,0.0,0.0,0.0,0.0,0.0,0.0,0.0,0.0
1560508424000.0,54.72976657453942,25.26277753299939,0.0,0.0,0.0,0.0,0.0,0.0,-85.5,-75.0,-91.5,-88.0,-97.0,-81.0,0.0,0.0,0.0,0.0,0.0,0.0,0.0,0.0,0.0,0.0,0.0,0.0,0.0,0.0,0.0,0.0,0.0,0.0,0.0,0.0,0.0,0.0,0.0,0.0
1560508425000.0,54.72976748467897,25.262779484461063,0.0,0.0,0.0,0.0,0.0,0.0,-84.33333333333333,0.0,-89.5,0.0,-92.0,0.0,0.0,0.0,0.0,0.0,0.0,0.0,0.0,0.0,0.0,0.0,0.0,0.0,0.0,0.0,0.0,0.0,0.0,0.0,0.0,0.0,0.0,0.0,0.0,0.0
1560508426000.0,54.72976827664948,25.26278651860616,0.0,0.0,0.0,0.0,0.0,0.0,-84.33333333333333,0.0,-89.5,0.0,-87.5,0.0,0.0,0.0,0.0,0.0,0.0,0.0,0.0,0.0,0.0,0.0,0.0,0.0,0.0,0.0,0.0,0.0,0.0,0.0,0.0,0.0,0.0,0.0,0.0,0.0
1560508427000.0,54.72976875864033,25.262806885587477,0.0,0.0,0.0,0.0,0.0,0.0,-86.0,0.0,-88.0,-90.0,-87.5,0.0,0.0,0.0,0.0,0.0,0.0,0.0,0.0,0.0,0.0,0.0,0.0,0.0,0.0,0.0,0.0,0.0,0.0,0.0,0.0,0.0,0.0,0.0,0.0,0.0
1560508428000.0,54.72976924063119,25.262827252568794,0.0,0.0,0.0,0.0,0.0,0.0,-88.0,0.0,-94.0,-90.0,-88.0,0.0,0.0,0.0,0.0,0.0,0.0,0.0,0.0,0.0,0.0,0.0,0.0,0.0,0.0,0.0,0.0,0.0,0.0,0.0,0.0,0.0,0.0,0.0,0.0,0.0
1560508429000.0,54.729769722622045,25.26284761955011,0.0,0.0,0.0,0.0,0.0,0.0,-88.0,0.0,-93.5,-90.0,0.0,0.0,0.0,0.0,0.0,0.0,0.0,0.0,0.0,0.0,0.0,0.0,0.0,0.0,0.0,0.0,0.0,0.0,0.0,0.0,0.0,0.0,0.0,0.0,0.0,0.0
1560508430000.0,54.7297702046129,25.262867986531425,0.0,0.0,0.0,0.0,0.0,0.0,0.0,-85.0,-93.5,0.0,0.0,0.0,0.0,0.0,0.0,0.0,0.0,0.0,0.0,0.0,0.0,0.0,0.0,0.0,0.0,0.0,0.0,0.0,0.0,0.0,0.0,0.0,0.0,0.0,0.0,0.0
1560508431000.0,54.72977068660375,25.262888353512743,0.0,0.0,0.0,0.0,0.0,0.0,0.0,-87.5,-93.0,0.0,0.0,0.0,0.0,0.0,0.0,0.0,0.0,0.0,0.0,0.0,0.0,0.0,0.0,0.0,0.0,0.0,0.0,0.0,0.0,0.0,0.0,0.0,0.0,0.0,0.0,0.0
1560508432000.0,54.7297711685946,25.26290872049406,0.0,0.0,0.0,0.0,0.0,0.0,-92.0,-87.5,0.0,0.0,0.0,-86.0,0.0,0.0,0.0,0.0,0.0,0.0,0.0,0.0,0.0,0.0,0.0,0.0,0.0,-88.0,0.0,-94.0,0.0,0.0,0.0,0.0,0.0,0.0,0.0,0.0
1560508433000.0,54.729771650585455,25.262929087475378,0.0,0.0,0.0,0.0,0.0,0.0,-92.0,-90.0,0.0,0.0,0.0,-86.0,0.0,0.0,0.0,0.0,0.0,0.0,0.0,0.0,0.0,0.0,0.0,0.0,0.0,-88.0,0.0,-94.0,0.0,0.0,0.0,0.0,0.0,0.0,0.0,0.0
1560508434000.0,54.729772132576315,25.262949454456695,0.0,0.0,0.0,0.0,0.0,0.0,-92.0,-90.0,0.0,0.0,0.0,-86.0,0.0,0.0,0.0,0.0,0.0,0.0,0.0,0.0,0.0,0.0,0.0,0.0,0.0,-88.0,0.0,-91.5,0.0,0.0,0.0,0.0,0.0,0.0,0.0,0.0
1560508435000.0,54.72977261456717,25.26296982143801,0.0,0.0,0.0,0.0,0.0,0.0,0.0,-90.0,0.0,0.0,0.0,0.0,0.0,0.0,0.0,0.0,0.0,0.0,0.0,0.0,0.0,0.0,0.0,0.0,0.0,0.0,0.0,-85.5,0.0,0.0,0.0,0.0,0.0,0.0,0.0,0.0
1560508436000.0,54.72977309655802,25.262990188419327,0.0,0.0,0.0,0.0,0.0,0.0,0.0,0.0,0.0,0.0,0.0,0.0,0.0,0.0,0.0,0.0,0.0,0.0,0.0,0.0,0.0,0.0,0.0,0.0,0.0,-82.0,0.0,-85.5,-70.0,0.0,0.0,0.0,0.0,0.0,0.0,0.0
1560508437000.0,54.72977357854887,25.263010555400644,0.0,0.0,0.0,0.0,0.0,0.0,0.0,0.0,0.0,0.0,0.0,0.0,0.0,0.0,0.0,0.0,0.0,0.0,0.0,0.0,0.0,0.0,0.0,0.0,0.0,-82.0,0.0,-82.0,-70.0,0.0,0.0,0.0,0.0,0.0,0.0,-94.0
1560508438000.0,54.72977386383944,25.263026357444385,0.0,0.0,0.0,0.0,0.0,0.0,0.0,0.0,0.0,0.0,0.0,0.0,0.0,0.0,0.0,0.0,0.0,0.0,0.0,0.0,0.0,0.0,0.0,0.0,-86.0,-82.0,0.0,0.0,-70.0,0.0,0.0,0.0,0.0,-91.0,0.0,-94.0
1560508439000.0,54.729773475475056,25.263026525586877,0.0,0.0,0.0,0.0,0.0,0.0,0.0,0.0,0.0,0.0,0.0,0.0,0.0,0.0,0.0,0.0,0.0,0.0,0.0,0.0,0.0,0.0,0.0,0.0,-86.0,0.0,0.0,0.0,0.0,-88.0,0.0,0.0,0.0,-90.0,0.0,-94.0
1560508440000.0,54.729773087110665,25.263026693729365,0.0,0.0,0.0,0.0,0.0,0.0,0.0,0.0,0.0,0.0,0.0,0.0,0.0,0.0,0.0,0.0,0.0,-89.0,0.0,0.0,0.0,0.0,0.0,0.0,-86.0,0.0,0.0,0.0,0.0,-88.66666666666667,0.0,0.0,0.0,-88.33333333333333,0.0,0.0
1560508441000.0,54.72977269874628,25.263026861871857,0.0,0.0,0.0,0.0,0.0,0.0,0.0,0.0,0.0,0.0,0.0,0.0,0.0,0.0,0.0,0.0,0.0,-89.0,0.0,0.0,0.0,0.0,0.0,0.0,0.0,-74.0,0.0,0.0,-71.0,-88.66666666666667,0.0,0.0,0.0,-87.0,0.0,0.0
1560508442000.0,54.72977566327941,25.263027273065635,0.0,0.0,0.0,0.0,0.0,0.0,0.0,0.0,0.0,0.0,0.0,0.0,0.0,0.0,0.0,0.0,0.0,-89.0,0.0,0.0,0.0,0.0,0.0,0.0,-80.0,-78.0,0.0,0.0,-71.5,-90.0,0.0,0.0,0.0,-85.0,0.0,0.0
1560508443000.0,54.72978936271974,25.26302846243203,0.0,0.0,0.0,0.0,0.0,0.0,0.0,0.0,0.0,0.0,0.0,0.0,0.0,0.0,0.0,0.0,0.0,0.0,0.0,0.0,0.0,0.0,0.0,0.0,-80.0,-78.0,0.0,0.0,-71.5,0.0,0.0,0.0,0.0,0.0,0.0,0.0
1560508444000.0,54.72980306216007,25.263029651798423,0.0,0.0,0.0,0.0,0.0,0.0,0.0,0.0,0.0,0.0,0.0,0.0,0.0,0.0,0.0,0.0,0.0,0.0,0.0,0.0,0.0,0.0,0.0,0.0,-80.0,-82.0,0.0,0.0,-72.0,-88.0,0.0,0.0,0.0,0.0,0.0,0.0
1560508445000.0,54.7298167616004,25.263030841164817,0.0,0.0,0.0,0.0,-86.0,0.0,0.0,0.0,0.0,0.0,0.0,0.0,0.0,0.0,0.0,0.0,0.0,0.0,0.0,0.0,0.0,0.0,0.0,0.0,-79.0,0.0,0.0,0.0,0.0,-85.5,0.0,0.0,0.0,0.0,0.0,0.0
1560508446000.0,54.72983046104073,25.26303203053121,0.0,-89.0,0.0,0.0,-86.0,0.0,0.0,0.0,0.0,0.0,0.0,0.0,0.0,0.0,0.0,0.0,0.0,0.0,0.0,0.0,0.0,0.0,0.0,0.0,-79.0,0.0,0.0,0.0,0.0,-85.5,0.0,0.0,0.0,-86.0,-91.0,0.0
1560508447000.0,54.72984416048106,25.263033219897604,0.0,-89.0,0.0,-90.0,-88.0,0.0,0.0,0.0,0.0,0.0,0.0,0.0,0.0,0.0,0.0,0.0,0.0,0.0,0.0,0.0,0.0,0.0,0.0,0.0,-79.0,0.0,-82.0,-71.0,0.0,-83.0,0.0,0.0,0.0,-86.0,-91.0,0.0
1560508448000.0,54.72984594721644,25.26303284442056,0.0,-89.0,0.0,-90.0,-90.0,0.0,0.0,-91.0,0.0,-89.0,0.0,0.0,0.0,0.0,0.0,0.0,0.0,0.0,0.0,0.0,0.0,0.0,0.0,0.0,-82.0,0.0,-82.0,-71.0,0.0,0.0,0.0,-89.0,0.0,-86.0,-91.0,0.0
1560508449000.0,54.72984614018858,25.263032259588044,0.0,0.0,0.0,-90.0,-90.0,0.0,0.0,-91.0,0.0,-89.0,0.0,0.0,0.0,0.0,0.0,0.0,0.0,0.0,-95.0,0.0,0.0,0.0,0.0,0.0,-82.0,0.0,-82.0,-71.0,-68.0,0.0,0.0,-89.0,0.0,0.0,0.0,0.0
1560508450000.0,54.72984633316072,25.26303167475553,-78.0,0.0,0.0,0.0,0.0,0.0,0.0,-91.0,0.0,-89.0,0.0,0.0,0.0,0.0,0.0,0.0,0.0,0.0,-95.0,0.0,0.0,0.0,0.0,0.0,-82.0,0.0,0.0,0.0,-68.0,0.0,0.0,-89.0,0.0,0.0,0.0,0.0
1560508451000.0,54.72984652613286,25.263031089923015,-78.0,0.0,0.0,0.0,0.0,0.0,0.0,0.0,0.0,-92.5,0.0,0.0,0.0,0.0,0.0,0.0,0.0,0.0,-95.0,0.0,0.0,0.0,0.0,0.0,-84.0,0.0,0.0,-78.0,-68.5,-81.0,0.0,0.0,0.0,0.0,0.0,0.0
1560508452000.0,54.729846767864814,25.263049381135954,-78.0,0.0,0.0,0.0,0.0,0.0,0.0,0.0,0.0,-92.5,0.0,0.0,0.0,0.0,0.0,0.0,0.0,0.0,0.0,0.0,0.0,0.0,0.0,0.0,-84.0,0.0,0.0,-78.0,-69.0,-81.0,0.0,0.0,0.0,0.0,0.0,0.0
1560508453000.0,54.72984701694721,25.263070517874734,0.0,0.0,0.0,0.0,0.0,0.0,0.0,0.0,0.0,-92.5,0.0,0.0,0.0,0.0,0.0,0.0,0.0,0.0,0.0,0.0,0.0,0.0,0.0,0.0,-84.0,-68.0,0.0,-78.0,-69.0,-80.33333333333333,0.0,0.0,0.0,0.0,0.0,0.0
1560508454000.0,54.72984726602961,25.263091654613515,0.0,0.0,0.0,-86.0,0.0,-89.0,0.0,0.0,0.0,0.0,0.0,0.0,0.0,0.0,0.0,0.0,0.0,0.0,0.0,0.0,0.0,0.0,0.0,0.0,0.0,-79.5,0.0,-78.0,0.0,-79.0,0.0,-83.0,-88.0,-71.0,0.0,0.0
1560508455000.0,54.72984725313196,25.26309792313032,0.0,0.0,0.0,-86.0,0.0,-89.0,0.0,0.0,0.0,0.0,0.0,-89.0,0.0,0.0,0.0,0.0,0.0,0.0,0.0,0.0,0.0,0.0,0.0,0.0,0.0,-79.0,0.0,-78.0,-75.0,-83.5,0.0,-83.0,-87.66666666666667,-71.0,-81.0,-87.0
1560508456000.0,54.729847157503755,25.263099496419134,0.0,-84.0,0.0,-85.5,-78.0,-89.33333333333333,0.0,0.0,0.0,0.0,0.0,-89.0,0.0,0.0,0.0,0.0,0.0,0.0,0.0,0.0,0.0,0.0,0.0,0.0,-77.0,-84.5,0.0,-74.0,-78.5,-88.0,0.0,-83.0,-87.66666666666667,-73.0,-83.66666666666667,-90.5
1560508457000.0,54.72984706187555,25.26310106970795,0.0,-85.0,-86.0,-81.5,-78.0,-89.8,0.0,0.0,0.0,0.0,0.0,-89.0,0.0,0.0,0.0,0.0,0.0,0.0,0.0,0.0,0.0,0.0,0.0,0.0,-79.0,-78.0,-86.0,-74.5,-78.5,-88.0,-71.0,0.0,-87.0,-73.5,-84.75,-84.66666666666667
1560508458000.0,54.72984696624736,25.263102642996763,-75.0,-85.0,-86.0,-81.5,-78.0,-90.16666666666667,0.0,0.0,0.0,0.0,0.0,0.0,0.0,0.0,0.0,0.0,0.0,0.0,0.0,0.0,0.0,0.0,0.0,0.0,-79.0,0.0,-86.0,-74.5,-82.0,0.0,-71.0,0.0,-86.25,-73.5,-84.5,-83.5
1560508459000.0,54.72985647648922,25.26310150221166,-75.0,-86.0,-86.0,-78.0,-77.0,-90.5,0.0,0.0,0.0,0.0,0.0,0.0,0.0,0.0,0.0,0.0,0.0,0.0,0.0,0.0,0.0,0.0,0.0,0.0,-83.0,0.0,-86.0,-75.0,-89.0,0.0,-71.0,-80.0,-86.75,-72.0,-84.0,-73.0
1560508460000.0,54.72986989122679,25.263099258237585,-75.0,0.0,-86.0,-72.0,-82.0,-94.0,0.0,0.0,0.0,0.0,0.0,0.0,0.0,0.0,0.0,0.0,0.0,0.0,0.0,0.0,0.0,0.0,0.0,0.0,-84.33333333333333,-76.0,-86.0,-79.0,-89.0,0.0,0.0,-79.0,-85.85714285714286,0.0,-80.0,0.0
1560508461000.0,54.729883305964364,25.263097014263508,-94.0,0.0,0.0,-72.0,-82.0,-96.0,0.0,0.0,0.0,0.0,0.0,0.0,0.0,0.0,0.0,0.0,0.0,0.0,0.0,0.0,0.0,0.0,0.0,0.0,-87.0,-78.66666666666667,-86.0,-79.0,-89.0,0.0,0.0,-78.25,-85.66666666666667,0.0,-80.0,0.0
1560508462000.0,54.72989672070194,25.26309477028943,-94.0,0.0,0.0,-79.0,-87.0,-96.0,0.0,0.0,0.0,0.0,0.0,0.0,0.0,0.0,0.0,0.0,0.0,0.0,0.0,0.0,0.0,0.0,0.0,0.0,-88.0,-78.66666666666667,0.0,-79.0,0.0,0.0,0.0,-79.0,-85.6,-79.0,-79.5,0.0
1560508463000.0,54.72991013543951,25.26309252631535,-94.0,-93.0,0.0,-86.0,0.0,0.0,0.0,0.0,0.0,0.0,0.0,0.0,0.0,0.0,0.0,0.0,0.0,0.0,-84.0,0.0,0.0,0.0,0.0,0.0,-95.0,-84.0,0.0,0.0,0.0,0.0,0.0,-73.5,-79.71428571428571,-79.0,-72.66666666666667,0.0
1560508464000.0,54.72992355017708,25.263090282341274,0.0,-93.0,0.0,-86.0,0.0,0.0,0.0,0.0,0.0,0.0,0.0,0.0,0.0,0.0,0.0,0.0,0.0,0.0,-84.0,0.0,0.0,0.0,0.0,0.0,0.0,0.0,0.0,0.0,0.0,0.0,0.0,-73.0,-77.11111111111111,-68.0,-72.66666666666667,0.0
1560508465000.0,54.72993696491465,25.263088038367197,0.0,-93.0,0.0,0.0,0.0,0.0,0.0,0.0,0.0,0.0,0.0,0.0,0.0,0.0,0.0,0.0,0.0,0.0,-88.0,0.0,0.0,0.0,0.0,0.0,0.0,-86.0,0.0,0.0,0.0,0.0,-61.0,-68.25,-76.1,-59.5,-71.66666666666667,0.0
1560508466000.0,54.72994917657275,25.263086029181355,0.0,-97.0,0.0,0.0,0.0,0.0,0.0,0.0,0.0,0.0,0.0,0.0,0.0,0.0,0.0,0.0,0.0,0.0,-92.0,0.0,0.0,-88.0,0.0,0.0,0.0,-86.0,0.0,0.0,0.0,0.0,-61.0,-71.0,-78.0,-63.333333333333336,-76.0,0.0
1560508467000.0,54.72994937065677,25.263086365297774,0.0,-97.0,0.0,0.0,0.0,0.0,0.0,0.0,0.0,0.0,0.0,0.0,0.0,0.0,0.0,0.0,0.0,0.0,-92.0,0.0,0.0,-88.0,0.0,0.0,0.0,-86.0,0.0,0.0,0.0,0.0,-61.0,-71.0,-80.8,-66.5,-78.33333333333333,-70.0
1560508468000.0,54.72994956474079,25.263086701414192,0.0,-97.0,0.0,0.0,0.0,0.0,0.0,0.0,0.0,0.0,0.0,0.0,0.0,0.0,0.0,0.0,0.0,0.0,0.0,-84.0,0.0,-88.0,0.0,0.0,0.0,0.0,0.0,-89.0,0.0,0.0,-69.0,0.0,-82.75,-71.0,-79.5,-70.0
1560508469000.0,54.729949758824816,25.26308703753061,-92.0,0.0,0.0,0.0,0.0,0.0,0.0,0.0,0.0,0.0,0.0,0.0,0.0,0.0,0.0,0.0,0.0,0.0,0.0,-84.0,0.0,0.0,0.0,-88.0,0.0,0.0,0.0,-89.0,0.0,0.0,-66.5,-78.0,-84.4,0.0,-79.5,-70.0
1560508470000.0,54.72994996872531,25.26308534618606,-92.0,0.0,0.0,0.0,0.0,0.0,0.0,0.0,0.0,0.0,0.0,0.0,0.0,0.0,0.0,0.0,0.0,0.0,0.0,-84.0,0.0,-80.0,0.0,-88.0,-95.0,0.0,0.0,-91.0,0.0,0.0,-66.5,-78.0,-86.85714285714286,0.0,0.0,-74.5
1560508471000.0,54.72995031940805,25.263065608431507,-92.0,0.0,0.0,0.0,0.0,0.0,0.0,0.0,0.0,0.0,0.0,0.0,0.0,0.0,0.0,0.0,0.0,0.0,0.0,0.0,0.0,-80.0,0.0,-88.0,-95.0,0.0,0.0,-93.0,0.0,0.0,-64.0,-78.0,-87.83333333333333,0.0,0.0,-79.0
1560508472000.0,54.72995067009079,25.26304587067695,0.0,0.0,0.0,0.0,0.0,0.0,0.0,0.0,0.0,0.0,0.0,0.0,0.0,0.0,0.0,0.0,0.0,0.0,0.0,0.0,0.0,-80.0,0.0,-88.0,-95.0,0.0,0.0,-93.0,0.0,0.0,0.0,-75.0,-87.8,0.0,-78.66666666666667,-79.5
1560508473000.0,54.72995102077353,25.2630261329224,0.0,0.0,0.0,0.0,0.0,0.0,0.0,0.0,0.0,0.0,0.0,0.0,0.0,0.0,0.0,0.0,0.0,0.0,0.0,0.0,0.0,0.0,0.0,-88.0,-90.0,0.0,0.0,0.0,0.0,0.0,-89.0,-75.0,-86.0,-71.0,-81.4,-80.0
1560508474000.0,54.72995137145627,25.263006395167846,0.0,0.0,0.0,0.0,0.0,0.0,0.0,0.0,0.0,0.0,0.0,0.0,0.0,0.0,0.0,0.0,0.0,0.0,0.0,0.0,0.0,0.0,0.0,-88.0,-90.0,0.0,0.0,0.0,0.0,0.0,-89.0,-78.66666666666667,-87.0,-71.0,-81.4,-84.5
1560508475000.0,54.72995172213901,25.262986657413293,0.0,0.0,0.0,0.0,0.0,0.0,0.0,0.0,0.0,0.0,0.0,0.0,0.0,0.0,0.0,0.0,0.0,0.0,0.0,0.0,0.0,-79.0,0.0,0.0,-90.0,0.0,0.0,0.0,0.0,0.0,-89.0,-83.5,-91.0,-71.0,-86.33333333333333,-89.0
1560508476000.0,54.72995207282175,25.26296691965874,0.0,0.0,0.0,0.0,0.0,0.0,0.0,0.0,0.0,0.0,0.0,0.0,0.0,0.0,0.0,0.0,0.0,0.0,0.0,-90.0,0.0,-79.0,0.0,0.0,0.0,0.0,0.0,0.0,0.0,0.0,0.0,-83.5,0.0,0.0,-88.0,-89.0
1560508477000.0,54.72995242350449,25.262947181904188,0.0,0.0,0.0,0.0,0.0,0.0,0.0,0.0,0.0,0.0,0.0,0.0,0.0,0.0,0.0,0.0,0.0,0.0,0.0,-84.0,0.0,-79.0,-90.0,-85.5,0.0,0.0,0.0,0.0,0.0,0.0,0.0,-81.0,0.0,0.0,-88.0,0.0
1560508478000.0,54.72995277418723,25.262927444149636,0.0,0.0,0.0,0.0,0.0,0.0,0.0,0.0,0.0,0.0,0.0,0.0,0.0,0.0,0.0,0.0,0.0,0.0,0.0,-84.0,0.0,0.0,-90.0,-85.5,-88.0,0.0,0.0,0.0,0.0,0.0,0.0,0.0,0.0,-88.0,0.0,0.0
1560508479000.0,54.72995312486997,25.262907706395083,0.0,0.0,0.0,0.0,0.0,0.0,0.0,0.0,0.0,0.0,0.0,0.0,0.0,0.0,0.0,0.0,0.0,0.0,0.0,-79.5,0.0,0.0,-90.0,-85.5,-91.5,0.0,0.0,0.0,0.0,0.0,0.0,-92.0,0.0,-88.0,0.0,0.0
1560508480000.0,54.72995347555271,25.26288796864053,0.0,0.0,0.0,0.0,0.0,0.0,0.0,0.0,0.0,0.0,0.0,0.0,0.0,0.0,0.0,0.0,0.0,0.0,0.0,-81.0,0.0,0.0,0.0,-80.0,-91.5,0.0,0.0,0.0,-84.0,0.0,0.0,-92.0,0.0,-88.0,0.0,0.0
1560508481000.0,54.72995382623546,25.262868230885974,0.0,0.0,0.0,0.0,0.0,0.0,0.0,0.0,0.0,0.0,0.0,0.0,0.0,0.0,0.0,0.0,0.0,0.0,0.0,-81.0,0.0,0.0,0.0,-78.0,-95.0,0.0,0.0,0.0,-84.0,0.0,-89.0,-92.0,0.0,0.0,0.0,0.0
1560508482000.0,54.7299541769182,25.262848493131422,0.0,0.0,0.0,0.0,0.0,0.0,0.0,0.0,0.0,0.0,0.0,0.0,0.0,0.0,0.0,0.0,0.0,0.0,0.0,0.0,0.0,0.0,-78.0,-78.0,0.0,0.0,0.0,0.0,-84.0,0.0,-89.0,0.0,0.0,0.0,0.0,0.0
1560508483000.0,54.72995452760094,25.26282875537687,0.0,0.0,0.0,0.0,0.0,0.0,0.0,0.0,0.0,0.0,0.0,0.0,0.0,0.0,0.0,0.0,0.0,0.0,0.0,0.0,0.0,-63.0,-78.0,-73.5,0.0,0.0,0.0,0.0,0.0,0.0,-89.0,0.0,0.0,0.0,0.0,0.0
1560508484000.0,54.72995487828368,25.262809017622317,0.0,0.0,0.0,0.0,0.0,0.0,0.0,0.0,0.0,0.0,0.0,0.0,0.0,0.0,0.0,0.0,0.0,0.0,0.0,0.0,0.0,-63.0,-78.0,-71.0,0.0,0.0,0.0,0.0,0.0,0.0,0.0,0.0,0.0,0.0,0.0,0.0
1560508485000.0,54.72995522896642,25.262789279867764,0.0,0.0,0.0,0.0,0.0,0.0,-89.0,0.0,0.0,0.0,0.0,0.0,0.0,0.0,0.0,0.0,0.0,0.0,0.0,-86.0,0.0,-63.0,0.0,-71.0,0.0,0.0,0.0,0.0,0.0,0.0,0.0,0.0,0.0,-97.0,0.0,0.0
1560508486000.0,54.72995557964916,25.26276954211321,0.0,0.0,0.0,0.0,0.0,0.0,-89.0,-89.0,0.0,0.0,0.0,0.0,0.0,0.0,0.0,0.0,0.0,0.0,0.0,-86.0,0.0,0.0,0.0,-78.0,0.0,0.0,0.0,0.0,0.0,0.0,0.0,0.0,0.0,-97.0,0.0,0.0
1560508487000.0,54.7299559303319,25.26274980435866,0.0,0.0,0.0,0.0,0.0,0.0,-89.0,-89.0,0.0,0.0,0.0,-88.0,0.0,0.0,0.0,0.0,0.0,0.0,0.0,-86.0,0.0,0.0,-88.0,-78.0,0.0,0.0,0.0,0.0,0.0,0.0,0.0,0.0,0.0,-97.0,0.0,0.0
1560508488000.0,54.729956064635815,25.26273868937552,0.0,0.0,0.0,0.0,0.0,0.0,0.0,-89.0,0.0,0.0,0.0,-88.0,0.0,0.0,0.0,0.0,0.0,0.0,0.0,-86.0,0.0,0.0,-88.0,-78.0,0.0,0.0,0.0,0.0,0.0,0.0,0.0,0.0,0.0,0.0,0.0,0.0
1560508489000.0,54.729955917895964,25.26273877408399,0.0,0.0,0.0,0.0,0.0,0.0,0.0,0.0,0.0,0.0,0.0,-88.0,0.0,0.0,0.0,0.0,0.0,0.0,0.0,-86.0,0.0,0.0,-85.5,0.0,0.0,0.0,0.0,0.0,0.0,0.0,0.0,0.0,0.0,0.0,0.0,0.0
1560508490000.0,54.72995577115611,25.26273885879246,0.0,0.0,0.0,0.0,0.0,0.0,0.0,0.0,0.0,0.0,0.0,0.0,0.0,0.0,0.0,0.0,0.0,0.0,-76.0,-82.0,0.0,0.0,-87.5,0.0,0.0,0.0,0.0,0.0,0.0,0.0,0.0,0.0,0.0,0.0,0.0,-92.0
1560508491000.0,54.729955624416256,25.262738943500928,0.0,0.0,0.0,0.0,0.0,0.0,0.0,0.0,0.0,0.0,0.0,-90.0,0.0,0.0,0.0,0.0,0.0,0.0,-76.0,-82.0,0.0,0.0,-87.5,0.0,0.0,0.0,0.0,0.0,0.0,0.0,0.0,0.0,0.0,0.0,0.0,-92.0
1560508492000.0,54.72995527993658,25.262748932953144,0.0,0.0,0.0,0.0,0.0,0.0,0.0,0.0,0.0,0.0,0.0,-90.0,0.0,0.0,0.0,0.0,0.0,0.0,-76.0,-79.0,-87.0,0.0,-92.0,0.0,0.0,0.0,0.0,0.0,0.0,0.0,0.0,0.0,0.0,0.0,0.0,-92.0
1560508493000.0,54.729954718647825,25.26276978232356,0.0,0.0,0.0,0.0,0.0,0.0,0.0,-82.0,0.0,0.0,0.0,-90.0,0.0,0.0,0.0,0.0,0.0,0.0,-64.0,-76.0,-80.33333333333333,0.0,0.0,0.0,0.0,0.0,0.0,0.0,0.0,0.0,-84.0,0.0,0.0,0.0,0.0,0.0
1560508494000.0,54.72995415735907,25.26279063169397,0.0,0.0,0.0,0.0,0.0,0.0,-80.0,-85.0,0.0,0.0,0.0,0.0,0.0,0.0,0.0,0.0,0.0,0.0,-64.0,-76.0,-80.33333333333333,-60.0,0.0,0.0,0.0,0.0,0.0,0.0,0.0,0.0,-84.0,0.0,0.0,0.0,0.0,0.0
1560508495000.0,54.72995359607031,25.262811481064382,0.0,0.0,0.0,0.0,0.0,0.0,-80.0,-85.0,0.0,0.0,0.0,0.0,0.0,0.0,0.0,0.0,0.0,0.0,-64.0,-71.5,-77.0,-58.0,-78.0,-84.0,0.0,0.0,0.0,0.0,0.0,0.0,-84.0,0.0,0.0,0.0,0.0,0.0
1560508496000.0,54.72995303478155,25.262832330434794,0.0,0.0,0.0,0.0,0.0,0.0,-80.0,-86.5,0.0,0.0,0.0,0.0,0.0,0.0,0.0,0.0,0.0,0.0,0.0,-71.5,0.0,-58.0,-78.0,-84.0,0.0,0.0,0.0,0.0,0.0,0.0,-83.0,0.0,0.0,0.0,0.0,0.0
1560508497000.0,54.7299524734928,25.262853179805205,0.0,0.0,0.0,0.0,0.0,0.0,0.0,0.0,0.0,0.0,0.0,0.0,0.0,0.0,0.0,0.0,0.0,0.0,0.0,-71.5,0.0,-58.333333333333336,-78.5,-79.5,0.0,0.0,0.0,0.0,0.0,0.0,-88.0,0.0,0.0,0.0,0.0,0.0
1560508498000.0,54.729951912204044,25.262874029175617,0.0,0.0,0.0,0.0,0.0,0.0,0.0,0.0,0.0,-94.0,0.0,0.0,0.0,0.0,0.0,0.0,0.0,0.0,0.0,-76.5,0.0,-67.0,-82.5,-79.0,0.0,0.0,0.0,0.0,0.0,0.0,-88.0,0.0,0.0,0.0,0.0,0.0
1560508499000.0,54.729951350915286,25.262894878546028,0.0,0.0,0.0,0.0,0.0,0.0,0.0,0.0,0.0,-94.0,0.0,0.0,0.0,0.0,0.0,0.0,0.0,0.0,0.0,-81.0,0.0,-70.0,-82.5,-79.33333333333333,0.0,0.0,0.0,0.0,0.0,0.0,-93.0,-92.0,0.0,0.0,0.0,0.0
1560508500000.0,54.72995078962653,25.26291572791644,0.0,0.0,0.0,0.0,0.0,0.0,0.0,0.0,0.0,-94.0,0.0,0.0,0.0,0.0,0.0,0.0,0.0,0.0,0.0,-81.0,0.0,-74.5,-87.0,-81.5,0.0,0.0,0.0,0.0,0.0,0.0,-85.0,-92.0,0.0,0.0,0.0,0.0
1560508501000.0,54.72995022833777,25.26293657728685,0.0,0.0,0.0,0.0,0.0,0.0,0.0,0.0,0.0,0.0,0.0,0.0,0.0,0.0,0.0,0.0,0.0,0.0,0.0,-85.5,0.0,0.0,-88.0,-85.5,0.0,0.0,0.0,0.0,0.0,0.0,-85.0,-92.0,0.0,0.0,0.0,-90.0
1560508502000.0,54.72994966704902,25.262957426657266,0.0,0.0,0.0,0.0,0.0,0.0,0.0,0.0,0.0,0.0,0.0,0.0,0.0,0.0,0.0,0.0,0.0,0.0,0.0,-82.0,0.0,0.0,-88.0,-91.0,-94.0,0.0,0.0,-88.0,0.0,0.0,-85.0,0.0,0.0,0.0,0.0,-90.0
1560508503000.0,54.72994910576026,25.262978276027678,0.0,0.0,0.0,0.0,0.0,0.0,0.0,0.0,0.0,0.0,0.0,0.0,0.0,0.0,0.0,0.0,0.0,0.0,-80.0,-82.0,0.0,0.0,0.0,-91.0,-91.5,0.0,0.0,-88.0,0.0,0.0,0.0,-89.0,0.0,0.0,0.0,-90.0
1560508504000.0,54.729948544471505,25.26299912539809,0.0,0.0,0.0,0.0,0.0,0.0,0.0,0.0,0.0,0.0,0.0,0.0,0.0,0.0,0.0,0.0,0.0,0.0,-80.0,-82.0,0.0,0.0,0.0,0.0,-90.66666666666667,0.0,0.0,-89.0,0.0,0.0,0.0,-89.0,0.0,0.0,0.0,0.0
1560508505000.0,54.72994798318275,25.2630199747685,0.0,0.0,0.0,0.0,0.0,0.0,0.0,0.0,0.0,0.0,0.0,0.0,0.0,0.0,0.0,0.0,0.0,0.0,-80.0,0.0,0.0,-88.0,0.0,0.0,-89.0,0.0,0.0,-87.0,0.0,0.0,0.0,-86.5,-93.0,0.0,0.0,-85.0
1560508506000.0,54.72994742189399,25.263040824138912,0.0,0.0,0.0,0.0,0.0,0.0,0.0,0.0,0.0,0.0,0.0,0.0,0.0,0.0,0.0,0.0,0.0,0.0,0.0,0.0,0.0,-88.0,0.0,0.0,-89.0,0.0,0.0,-86.5,0.0,0.0,0.0,-85.5,-93.0,0.0,0.0,-79.5
1560508507000.0,54.72994686060524,25.263061673509323,0.0,0.0,0.0,0.0,0.0,0.0,0.0,0.0,0.0,0.0,0.0,0.0,0.0,0.0,0.0,0.0,0.0,0.0,0.0,0.0,0.0,-88.0,0.0,0.0,-92.0,-87.0,0.0,-82.0,0.0,0.0,0.0,-85.5,-87.66666666666667,-73.0,0.0,-79.5
1560508508000.0,54.72994629931648,25.263082522879735,0.0,0.0,0.0,0.0,0.0,0.0,0.0,0.0,0.0,0.0,0.0,0.0,0.0,0.0,0.0,0.0,0.0,0.0,0.0,0.0,0.0,0.0,0.0,-88.0,-92.0,-87.0,0.0,0.0,0.0,0.0,0.0,-87.0,-86.83333333333333,-73.0,0.0,-71.5
1560508509000.0,54.729946089152634,25.26309136301279,-84.0,0.0,0.0,0.0,0.0,0.0,0.0,0.0,0.0,0.0,0.0,0.0,0.0,0.0,0.0,0.0,0.0,0.0,0.0,0.0,0.0,0.0,0.0,-88.0,-92.0,-87.0,0.0,0.0,0.0,0.0,0.0,0.0,-86.0,-70.5,0.0,-71.0
1560508510000.0,54.72994613745573,25.26309136301279,-84.0,0.0,0.0,-86.0,0.0,0.0,0.0,0.0,0.0,0.0,0.0,0.0,0.0,0.0,0.0,0.0,0.0,0.0,0.0,0.0,0.0,0.0,0.0,-88.0,0.0,0.0,0.0,0.0,-86.0,0.0,0.0,0.0,-86.33333333333333,-68.0,-68.0,-68.0
1560508511000.0,54.72994618575883,25.26309136301279,-84.0,0.0,0.0,-86.0,0.0,0.0,0.0,0.0,0.0,0.0,0.0,0.0,0.0,0.0,0.0,0.0,0.0,0.0,-91.0,0.0,0.0,0.0,0.0,0.0,0.0,0.0,0.0,0.0,-86.0,0.0,0.0,-68.0,-81.14285714285714,-68.0,-69.0,-68.66666666666667
1560508512000.0,54.72994623406193,25.26309136301279,0.0,0.0,0.0,-85.5,0.0,0.0,0.0,0.0,0.0,0.0,0.0,0.0,0.0,0.0,0.0,0.0,0.0,0.0,-87.0,0.0,0.0,0.0,0.0,0.0,0.0,0.0,0.0,0.0,-86.0,0.0,0.0,-71.0,-80.14285714285714,0.0,-72.33333333333333,-67.0
1560508513000.0,54.72993764798324,25.26309136301279,0.0,0.0,0.0,-85.0,0.0,0.0,0.0,0.0,0.0,0.0,0.0,0.0,0.0,0.0,0.0,0.0,0.0,0.0,-87.0,0.0,0.0,-86.0,0.0,0.0,0.0,0.0,0.0,0.0,-93.0,0.0,0.0,-71.0,-80.14285714285714,-66.0,-74.5,-69.5
1560508514000.0,54.72992249490996,25.26309136301279,0.0,0.0,0.0,-85.0,0.0,0.0,0.0,0.0,0.0,0.0,0.0,0.0,0.0,0.0,0.0,0.0,0.0,0.0,-83.0,0.0,0.0,-86.0,0.0,0.0,0.0,0.0,0.0,0.0,-93.0,0.0,0.0,-69.5,-77.66666666666667,-66.0,-79.0,-68.0
1560508515000.0,54.72990734183668,25.26309136301279,0.0,0.0,0.0,0.0,-90.0,0.0,0.0,0.0,0.0,0.0,0.0,0.0,0.0,0.0,0.0,0.0,0.0,0.0,0.0,0.0,0.0,-86.0,0.0,0.0,0.0,0.0,0.0,0.0,-89.0,0.0,0.0,-65.0,-73.66666666666667,-66.0,0.0,0.0
1560508516000.0,54.729892188763394,25.26309136301279,0.0,0.0,0.0,-83.0,-90.0,0.0,0.0,0.0,0.0,0.0,0.0,0.0,0.0,0.0,0.0,0.0,0.0,0.0,0.0,0.0,0.0,0.0,0.0,0.0,0.0,0.0,0.0,0.0,-90.0,0.0,-54.0,-68.5,-74.42857142857143,0.0,-70.0,0.0
1560508517000.0,54.729877035690116,25.26309136301279,0.0,0.0,0.0,-83.0,-90.0,0.0,0.0,0.0,0.0,0.0,0.0,0.0,0.0,0.0,0.0,0.0,0.0,0.0,0.0,0.0,0.0,0.0,0.0,0.0,0.0,0.0,0.0,-90.0,-90.0,0.0,-54.0,-72.0,-71.66666666666667,0.0,-70.0,-86.0
1560508518000.0,54.72986188261684,25.26309136301279,0.0,0.0,0.0,-83.0,0.0,0.0,0.0,0.0,0.0,0.0,0.0,0.0,0.0,0.0,0.0,0.0,0.0,0.0,0.0,0.0,0.0,0.0,0.0,-96.0,-92.0,-92.0,0.0,-92.33333333333333,-95.0,0.0,-54.0,-72.0,-79.0,0.0,-78.66666666666667,-86.0
1560508519000.0,54.72984672954355,25.26309136301279,0.0,0.0,0.0,0.0,0.0,0.0,0.0,0.0,0.0,0.0,0.0,0.0,0.0,0.0,0.0,0.0,0.0,0.0,0.0,0.0,0.0,0.0,0.0,-96.0,-92.0,-92.0,0.0,-92.33333333333333,0.0,0.0,0.0,0.0,-89.0,0.0,-83.0,-84.5
1560508520000.0,54.729831576470275,25.26309136301279,-74.0,0.0,0.0,0.0,0.0,0.0,0.0,0.0,-95.0,0.0,0.0,-88.0,0.0,0.0,0.0,0.0,0.0,0.0,0.0,0.0,0.0,0.0,0.0,-96.0,-88.5,-82.0,0.0,-97.0,0.0,-84.0,0.0,0.0,-89.0,0.0,-85.33333333333333,-83.5
1560508521000.0,54.729816423397,25.26309136301279,-74.0,0.0,0.0,0.0,-85.0,0.0,-94.0,0.0,-95.0,0.0,0.0,-88.0,0.0,0.0,0.0,0.0,0.0,0.0,0.0,0.0,0.0,0.0,0.0,0.0,-85.0,-72.0,0.0,0.0,0.0,-84.0,0.0,-86.0,-89.0,0.0,-90.0,-83.5
1560508522000.0,54.72980127032371,25.26309136301279,-74.0,0.0,0.0,0.0,-85.0,0.0,-94.0,0.0,-95.0,0.0,0.0,-88.0,0.0,0.0,0.0,0.0,0.0,0.0,0.0,0.0,0.0,0.0,0.0,0.0,-82.5,-72.0,0.0,0.0,0.0,-84.0,0.0,-86.0,0.0,0.0,-90.0,-84.0
1560508523000.0,54.729793496064836,25.263092386114312,-74.0,0.0,0.0,-85.0,-82.5,0.0,-94.0,0.0,0.0,0.0,0.0,0.0,0.0,0.0,0.0,0.0,0.0,0.0,0.0,0.0,0.0,0.0,0.0,0.0,-80.0,0.0,0.0,0.0,-75.0,-81.0,0.0,-86.0,0.0,-84.0,0.0,0.0
1560508524000.0,54.7297943144513,25.263094600619777,-78.0,0.0,0.0,-85.0,-80.0,0.0,0.0,0.0,0.0,0.0,0.0,0.0,0.0,0.0,0.0,0.0,0.0,0.0,0.0,0.0,0.0,0.0,0.0,0.0,-80.0,-90.0,0.0,0.0,-75.0,-81.0,0.0,0.0,-86.0,-84.0,-90.0,0.0
1560508525000.0,54.72979513283776,25.263096815125238,-78.0,0.0,-94.0,-85.0,-80.0,0.0,0.0,0.0,0.0,0.0,0.0,0.0,0.0,0.0,0.0,0.0,0.0,0.0,0.0,0.0,0.0,0.0,0.0,0.0,0.0,-90.0,0.0,0.0,-75.0,-81.0,0.0,0.0,-86.0,-84.0,-91.0,0.0
1560508526000.0,54.72979595122422,25.2630990296307,-82.0,0.0,-94.0,0.0,0.0,0.0,0.0,-94.0,0.0,0.0,0.0,0.0,0.0,0.0,0.0,0.0,0.0,0.0,0.0,0.0,0.0,0.0,0.0,0.0,0.0,-90.0,-90.0,-84.0,0.0,0.0,0.0,-87.0,-86.0,0.0,-90.0,0.0
1560508527000.0,54.72979547879648,25.263085239561352,0.0,0.0,-94.0,0.0,0.0,0.0,0.0,-94.0,0.0,0.0,0.0,0.0,0.0,0.0,0.0,0.0,0.0,0.0,0.0,0.0,0.0,0.0,0.0,0.0,0.0,0.0,-90.0,-84.0,0.0,0.0,-70.0,-86.0,-86.0,0.0,-90.0,0.0
1560508528000.0,54.72979439051499,25.26306381363135,0.0,0.0,0.0,0.0,0.0,0.0,0.0,-94.0,0.0,0.0,0.0,0.0,0.0,0.0,0.0,0.0,0.0,0.0,0.0,0.0,0.0,0.0,0.0,0.0,-86.0,-68.0,-90.0,-84.0,0.0,0.0,-70.0,-86.0,-85.8,0.0,-90.0,-81.5
1560508529000.0,54.729793302233496,25.26304238770135,0.0,0.0,0.0,-82.0,0.0,0.0,0.0,0.0,0.0,0.0,0.0,0.0,0.0,0.0,0.0,0.0,0.0,0.0,0.0,0.0,0.0,0.0,0.0,0.0,-86.0,-68.0,0.0,0.0,0.0,-90.0,-75.5,-85.0,-85.5,0.0,-91.0,-81.5
1560508530000.0,54.72979243199955,25.263028053821365,-83.0,-86.0,0.0,-82.0,0.0,0.0,0.0,0.0,0.0,0.0,0.0,0.0,0.0,0.0,0.0,0.0,0.0,0.0,0.0,0.0,0.0,0.0,0.0,0.0,-81.5,-68.0,0.0,0.0,0.0,-85.5,-81.0,0.0,-85.0,0.0,-91.0,-81.5
1560508531000.0,54.72979207788486,25.263030506847638,-83.0,-86.0,0.0,-83.5,0.0,0.0,0.0,0.0,0.0,0.0,0.0,0.0,0.0,0.0,0.0,0.0,0.0,0.0,0.0,0.0,0.0,0.0,0.0,0.0,-77.0,0.0,0.0,-74.0,0.0,-85.5,-81.0,0.0,0.0,0.0,0.0,0.0
1560508532000.0,54.72979172377017,25.263032959873915,-83.0,-86.0,0.0,-85.0,0.0,0.0,0.0,0.0,0.0,0.0,0.0,0.0,0.0,0.0,0.0,0.0,0.0,0.0,0.0,0.0,0.0,0.0,0.0,0.0,-80.0,0.0,0.0,-74.0,0.0,-81.0,0.0,0.0,0.0,0.0,0.0,-88.0
1560508533000.0,54.72979136965547,25.26303541290019,0.0,0.0,0.0,-85.0,0.0,-100.0,0.0,0.0,0.0,0.0,0.0,0.0,0.0,0.0,0.0,0.0,0.0,0.0,0.0,0.0,0.0,0.0,0.0,0.0,-83.0,0.0,0.0,-74.0,0.0,0.0,0.0,0.0,0.0,0.0,0.0,-88.0
1560508534000.0,54.72979860935028,25.263036491994605,-84.0,0.0,-90.0,0.0,0.0,-100.0,0.0,0.0,0.0,0.0,0.0,0.0,0.0,0.0,0.0,0.0,0.0,0.0,0.0,0.0,0.0,0.0,0.0,0.0,-83.0,0.0,0.0,-74.0,0.0,-82.0,0.0,0.0,0.0,0.0,0.0,-89.5
1560508535000.0,54.72981441227707,25.263036021761607,-84.0,0.0,-92.0,0.0,-79.0,-100.0,0.0,0.0,0.0,0.0,0.0,0.0,0.0,0.0,0.0,0.0,0.0,0.0,0.0,0.0,0.0,0.0,0.0,0.0,0.0,-65.0,0.0,-74.0,0.0,-84.0,0.0,0.0,0.0,0.0,0.0,-91.0
1560508536000.0,54.72983021520386,25.26303555152861,-82.0,-86.0,-92.0,-90.0,-79.0,0.0,0.0,0.0,0.0,0.0,0.0,0.0,0.0,0.0,0.0,0.0,0.0,0.0,0.0,0.0,0.0,0.0,0.0,0.0,0.0,-76.5,0.0,-73.5,0.0,-84.0,0.0,0.0,0.0,0.0,0.0,-92.5
1560508537000.0,54.72984601813065,25.26303508129561,-80.0,-86.0,-92.5,-90.0,-79.0,0.0,0.0,0.0,0.0,0.0,0.0,-92.0,-94.0,0.0,0.0,0.0,0.0,0.0,0.0,0.0,0.0,0.0,0.0,0.0,0.0,-76.5,0.0,-73.0,0.0,-86.0,0.0,0.0,0.0,0.0,0.0,-94.0
1560508538000.0,54.72984713101798,25.26303324297878,-80.0,-86.0,-91.0,-90.0,0.0,0.0,0.0,0.0,0.0,0.0,0.0,-92.0,-94.0,0.0,0.0,0.0,0.0,0.0,0.0,0.0,0.0,0.0,0.0,0.0,0.0,-88.0,0.0,-73.0,0.0,-81.0,0.0,0.0,0.0,0.0,0.0,-94.0
1560508539000.0,54.72984670185698,25.263031261050934,0.0,0.0,-91.0,-85.0,-81.0,0.0,0.0,0.0,0.0,0.0,0.0,-92.0,-94.0,0.0,0.0,0.0,0.0,0.0,0.0,0.0,0.0,0.0,0.0,0.0,0.0,0.0,0.0,0.0,0.0,-79.5,0.0,-87.0,0.0,0.0,0.0,0.0
1560508540000.0,54.72984627269597,25.263029279123092,0.0,0.0,0.0,-82.5,-81.0,-92.0,-89.0,0.0,0.0,0.0,0.0,0.0,0.0,0.0,0.0,0.0,0.0,0.0,0.0,0.0,0.0,0.0,0.0,0.0,-74.0,0.0,0.0,0.0,-62.0,-80.66666666666667,0.0,-87.0,0.0,0.0,0.0,0.0
1560508541000.0,54.72984584353497,25.263027297195247,0.0,0.0,0.0,-82.5,-84.66666666666667,-92.0,-89.0,0.0,0.0,-94.0,0.0,0.0,0.0,0.0,0.0,0.0,0.0,0.0,0.0,0.0,0.0,0.0,0.0,0.0,-70.66666666666667,0.0,0.0,0.0,-62.0,-80.5,0.0,-87.0,0.0,0.0,0.0,0.0
1560508542000.0,54.72984550687982,25.263009510491447,-86.0,0.0,0.0,-80.0,-92.0,-92.0,-89.0,0.0,0.0,-94.0,0.0,0.0,0.0,0.0,0.0,0.0,0.0,0.0,0.0,0.0,0.0,0.0,0.0,0.0,-70.66666666666667,0.0,0.0,0.0,-62.0,-83.0,0.0,0.0,0.0,0.0,0.0,0.0
1560508543000.0,54.72984518719319,25.262988824686726,-86.0,0.0,0.0,0.0,-92.0,0.0,0.0,-86.0,0.0,-94.0,0.0,0.0,0.0,0.0,0.0,0.0,0.0,0.0,0.0,0.0,0.0,0.0,0.0,0.0,-65.66666666666667,0.0,0.0,0.0,0.0,0.0,0.0,0.0,0.0,-91.0,0.0,0.0
1560508544000.0,54.72984486750657,25.262968138882005,-86.0,0.0,0.0,0.0,0.0,0.0,-92.0,-86.0,0.0,0.0,0.0,0.0,0.0,0.0,0.0,0.0,0.0,0.0,0.0,0.0,0.0,0.0,0.0,0.0,-59.0,0.0,0.0,0.0,-68.0,0.0,0.0,0.0,0.0,-91.0,0.0,0.0
1560508545000.0,54.729844547819944,25.262947453077285,0.0,0.0,0.0,0.0,0.0,0.0,-92.0,-86.0,0.0,0.0,0.0,0.0,0.0,0.0,0.0,0.0,0.0,0.0,0.0,0.0,0.0,0.0,0.0,0.0,-59.0,0.0,0.0,-86.0,-68.0,-81.0,0.0,0.0,0.0,-91.0,0.0,0.0
1560508546000.0,54.72984422813332,25.262926767272567,0.0,0.0,0.0,0.0,0.0,0.0,-92.0,0.0,0.0,0.0,0.0,0.0,0.0,0.0,0.0,0.0,0.0,0.0,0.0,0.0,0.0,0.0,0.0,0.0,0.0,0.0,0.0,-80.5,-68.0,-81.0,0.0,0.0,0.0,-90.0,0.0,0.0
1560508547000.0,54.729843908446696,25.262906081467847,0.0,0.0,0.0,0.0,0.0,0.0,-86.5,0.0,0.0,0.0,0.0,0.0,0.0,0.0,0.0,0.0,0.0,0.0,0.0,0.0,0.0,0.0,0.0,0.0,-84.0,0.0,0.0,-80.75,0.0,-81.0,-88.0,0.0,0.0,-90.0,0.0,0.0
1560508548000.0,54.72984358876007,25.262885395663126,0.0,0.0,0.0,0.0,-96.0,0.0,-87.0,0.0,-93.0,-91.0,0.0,0.0,0.0,0.0,0.0,0.0,0.0,0.0,0.0,0.0,0.0,0.0,0.0,0.0,-84.0,0.0,-85.0,-79.0,-74.0,0.0,-88.0,0.0,0.0,-90.0,0.0,0.0
1560508549000.0,54.72984326907345,25.26286470985841,0.0,0.0,0.0,0.0,-96.0,0.0,-87.0,0.0,-93.33333333333333,-91.0,0.0,0.0,0.0,0.0,0.0,0.0,0.0,0.0,0.0,0.0,0.0,0.0,0.0,0.0,-84.0,-83.0,-85.0,-78.33333333333333,-75.5,0.0,-88.0,0.0,0.0,0.0,0.0,0.0
1560508550000.0,54.72984294938682,25.26284402405369,0.0,0.0,0.0,0.0,-96.0,0.0,-85.5,0.0,-89.28571428571429,-85.5,-86.0,0.0,0.0,0.0,0.0,0.0,0.0,0.0,0.0,0.0,0.0,-82.0,0.0,0.0,0.0,-83.0,-88.0,-73.0,-74.66666666666667,0.0,0.0,0.0,0.0,0.0,0.0,0.0
1560508551000.0,54.729842629700194,25.262823338248968,0.0,0.0,0.0,0.0,0.0,0.0,-83.5,0.0,-88.0,-80.0,-91.0,0.0,0.0,0.0,0.0,0.0,0.0,0.0,0.0,0.0,0.0,-82.0,0.0,0.0,0.0,-83.0,-91.0,-80.5,-75.0,0.0,0.0,0.0,0.0,0.0,0.0,0.0
1560508552000.0,54.729842310013574,25.262802652444247,0.0,0.0,0.0,0.0,0.0,0.0,-83.5,0.0,-86.0,-80.0,-88.0,0.0,0.0,0.0,0.0,0.0,0.0,0.0,0.0,0.0,0.0,-82.0,0.0,0.0,0.0,0.0,-91.0,-85.0,-73.0,0.0,0.0,0.0,0.0,0.0,0.0,0.0
1560508553000.0,54.729841990326946,25.26278196663953,0.0,0.0,0.0,0.0,0.0,0.0,0.0,0.0,-82.0,-78.0,-89.0,-60.0,0.0,0.0,0.0,0.0,0.0,0.0,0.0,0.0,0.0,0.0,0.0,0.0,0.0,0.0,0.0,-85.0,0.0,0.0,0.0,0.0,0.0,0.0,0.0,0.0
1560508554000.0,54.729841670640326,25.26276128083481,0.0,0.0,0.0,0.0,0.0,0.0,-84.0,-66.0,-83.4,-78.0,-79.5,-60.0,0.0,0.0,0.0,0.0,0.0,0.0,0.0,0.0,0.0,0.0,0.0,0.0,0.0,0.0,0.0,-82.0,0.0,0.0,0.0,0.0,0.0,0.0,0.0,0.0
1560508555000.0,54.729841727659014,25.262751665557094,0.0,0.0,0.0,0.0,0.0,0.0,-78.0,-65.0,-81.8,-78.0,-74.0,-60.5,0.0,0.0,0.0,0.0,0.0,0.0,0.0,0.0,0.0,0.0,0.0,0.0,0.0,-86.0,0.0,-88.0,0.0,0.0,0.0,0.0,0.0,0.0,0.0,0.0
1560508556000.0,54.729842129630086,25.26275218765851,0.0,0.0,0.0,0.0,0.0,0.0,-74.66666666666667,-65.0,-82.0,0.0,-74.0,-61.0,0.0,0.0,0.0,0.0,0.0,0.0,0.0,0.0,0.0,0.0,0.0,0.0,-86.0,-81.0,0.0,-88.0,0.0,0.0,0.0,0.0,0.0,0.0,0.0,0.0
1560508557000.0,54.72984253160116,25.262752709759926,0.0,0.0,0.0,0.0,0.0,0.0,-70.33333333333333,-63.5,-77.6,0.0,-75.5,-58.5,0.0,0.0,0.0,0.0,0.0,0.0,0.0,0.0,0.0,0.0,0.0,0.0,-84.5,-81.0,0.0,-88.0,-72.0,0.0,0.0,0.0,0.0,0.0,0.0,0.0
1560508558000.0,54.72984293357223,25.262753231861346,0.0,0.0,0.0,0.0,0.0,0.0,-70.33333333333333,-63.0,-74.83333333333333,0.0,-74.0,-56.0,0.0,0.0,0.0,0.0,0.0,0.0,0.0,0.0,0.0,0.0,0.0,0.0,-84.5,-78.5,0.0,0.0,-73.0,0.0,0.0,0.0,0.0,0.0,0.0,0.0
1560508559000.0,54.72983498253618,25.262752806810024,0.0,0.0,0.0,0.0,0.0,0.0,-71.5,-63.0,-74.625,-54.0,-72.2,-56.0,0.0,0.0,0.0,0.0,0.0,0.0,0.0,0.0,0.0,0.0,0.0,0.0,-83.0,-81.0,0.0,0.0,-73.0,0.0,0.0,0.0,0.0,0.0,0.0,0.0
1560508560000.0,54.729822898696916,25.26275191313754,0.0,0.0,0.0,0.0,0.0,0.0,-72.0,-63.0,-74.0,-61.0,-70.25,-58.0,0.0,0.0,0.0,0.0,0.0,0.0,0.0,0.0,0.0,0.0,0.0,0.0,-95.0,0.0,0.0,0.0,-74.0,0.0,0.0,0.0,0.0,0.0,0.0,0.0
1560508561000.0,54.72981081485765,25.262751019465057,0.0,0.0,0.0,0.0,0.0,0.0,0.0,-56.0,-75.6,-61.0,-71.0,-58.0,0.0,0.0,0.0,0.0,0.0,0.0,0.0,0.0,0.0,0.0,0.0,0.0,-95.0,0.0,0.0,0.0,0.0,0.0,0.0,0.0,0.0,0.0,0.0,0.0
1560508562000.0,54.729798731018384,25.262750125792575,0.0,0.0,0.0,0.0,0.0,0.0,-66.0,-59.5,-77.0,-68.0,-72.0,-60.5,0.0,0.0,0.0,0.0,0.0,0.0,0.0,0.0,0.0,0.0,0.0,0.0,-95.0,0.0,0.0,0.0,0.0,0.0,0.0,0.0,0.0,0.0,0.0,0.0
1560508563000.0,54.72978866518027,25.262749381363395,0.0,0.0,0.0,0.0,0.0,0.0,-69.5,-59.5,-79.83333333333333,-73.0,-72.66666666666667,-63.0,0.0,0.0,0.0,0.0,0.0,0.0,0.0,0.0,0.0,0.0,0.0,0.0,0.0,0.0,0.0,0.0,0.0,0.0,0.0,0.0,0.0,0.0,0.0,0.0
1560508564000.0,54.72978866518027,25.262749381363395,0.0,0.0,0.0,0.0,0.0,0.0,-72.0,-63.0,-81.0,-73.0,-74.66666666666667,-63.0,0.0,0.0,0.0,0.0,0.0,0.0,0.0,0.0,0.0,0.0,0.0,0.0,0.0,0.0,0.0,0.0,0.0,0.0,0.0,0.0,0.0,0.0,0.0,0.0
1560508565000.0,54.72978866518027,25.262749381363395,0.0,0.0,0.0,0.0,0.0,0.0,-76.33333333333333,-65.0,-83.33333333333333,-73.0,-77.0,0.0,0.0,0.0,0.0,0.0,0.0,0.0,0.0,0.0,0.0,0.0,0.0,0.0,0.0,0.0,0.0,0.0,0.0,0.0,0.0,0.0,0.0,0.0,0.0,0.0
1560508566000.0,54.72978866518027,25.262749381363395,0.0,0.0,0.0,0.0,0.0,0.0,-75.75,-65.0,-80.0,-69.0,-80.0,0.0,0.0,0.0,0.0,0.0,0.0,0.0,0.0,0.0,0.0,0.0,0.0,0.0,0.0,0.0,0.0,0.0,0.0,0.0,0.0,0.0,0.0,0.0,0.0,0.0
